{
  "dataset_revision": "6d467dedb09a75144ede1421747e47cf036857dd",
  "task_name": "Vidore2ESGReportsHLRetrieval",
  "mteb_version": "2.7.26",
  "scores": {
    "test": [
      {
        "ndcg_at_1": 0.40385,
        "ndcg_at_3": 0.38327,
        "ndcg_at_5": 0.41755,
        "ndcg_at_10": 0.44183,
        "ndcg_at_20": 0.48662,
        "ndcg_at_100": 0.54439,
        "ndcg_at_1000": 0.55876,
        "map_at_1": 0.27051,
        "map_at_3": 0.32163,
        "map_at_5": 0.35801,
        "map_at_10": 0.37287,
        "map_at_20": 0.38754,
        "map_at_100": 0.40476,
        "map_at_1000": 0.40545,
        "recall_at_1": 0.27051,
        "recall_at_3": 0.37019,
        "recall_at_5": 0.47212,
        "recall_at_10": 0.53284,
        "recall_at_20": 0.68847,
        "recall_at_100": 0.90396,
        "recall_at_1000": 0.99505,
        "accuracy": 0.27051,
        "precision_at_1": 0.40385,
        "precision_at_3": 0.21154,
        "precision_at_5": 0.17692,
        "precision_at_10": 0.10962,
        "precision_at_20": 0.07019,
        "precision_at_100": 0.02135,
        "precision_at_1000": 0.00242,
        "mrr_at_1": 0.403846,
        "mrr_at_3": 0.448718,
        "mrr_at_5": 0.473718,
        "mrr_at_10": 0.48125,
        "mrr_at_20": 0.491013,
        "mrr_at_100": 0.494482,
        "mrr_at_1000": 0.49467,
        "nauc_ndcg_at_1_max": 0.200781,
        "nauc_ndcg_at_1_std": -0.023033,
        "nauc_ndcg_at_1_diff1": 0.70114,
        "nauc_ndcg_at_3_max": 0.239834,
        "nauc_ndcg_at_3_std": 0.096693,
        "nauc_ndcg_at_3_diff1": 0.64931,
        "nauc_ndcg_at_5_max": 0.242044,
        "nauc_ndcg_at_5_std": 0.107762,
        "nauc_ndcg_at_5_diff1": 0.638666,
        "nauc_ndcg_at_10_max": 0.231771,
        "nauc_ndcg_at_10_std": 0.081065,
        "nauc_ndcg_at_10_diff1": 0.671654,
        "nauc_ndcg_at_20_max": 0.235541,
        "nauc_ndcg_at_20_std": 0.073987,
        "nauc_ndcg_at_20_diff1": 0.67339,
        "nauc_ndcg_at_100_max": 0.274941,
        "nauc_ndcg_at_100_std": 0.121167,
        "nauc_ndcg_at_100_diff1": 0.658295,
        "nauc_ndcg_at_1000_max": 0.248029,
        "nauc_ndcg_at_1000_std": 0.080718,
        "nauc_ndcg_at_1000_diff1": 0.661675,
        "nauc_map_at_1_max": 0.294958,
        "nauc_map_at_1_std": 0.106219,
        "nauc_map_at_1_diff1": 0.70489,
        "nauc_map_at_3_max": 0.269819,
        "nauc_map_at_3_std": 0.112404,
        "nauc_map_at_3_diff1": 0.664971,
        "nauc_map_at_5_max": 0.28093,
        "nauc_map_at_5_std": 0.113246,
        "nauc_map_at_5_diff1": 0.635279,
        "nauc_map_at_10_max": 0.269273,
        "nauc_map_at_10_std": 0.095442,
        "nauc_map_at_10_diff1": 0.644026,
        "nauc_map_at_20_max": 0.269134,
        "nauc_map_at_20_std": 0.094437,
        "nauc_map_at_20_diff1": 0.64766,
        "nauc_map_at_100_max": 0.279651,
        "nauc_map_at_100_std": 0.101558,
        "nauc_map_at_100_diff1": 0.64452,
        "nauc_map_at_1000_max": 0.278863,
        "nauc_map_at_1000_std": 0.10006,
        "nauc_map_at_1000_diff1": 0.644862,
        "nauc_recall_at_1_max": 0.294958,
        "nauc_recall_at_1_std": 0.106219,
        "nauc_recall_at_1_diff1": 0.70489,
        "nauc_recall_at_3_max": 0.23055,
        "nauc_recall_at_3_std": 0.14909,
        "nauc_recall_at_3_diff1": 0.639651,
        "nauc_recall_at_5_max": 0.226197,
        "nauc_recall_at_5_std": 0.15492,
        "nauc_recall_at_5_diff1": 0.586976,
        "nauc_recall_at_10_max": 0.197106,
        "nauc_recall_at_10_std": 0.083619,
        "nauc_recall_at_10_diff1": 0.681244,
        "nauc_recall_at_20_max": 0.232343,
        "nauc_recall_at_20_std": 0.070805,
        "nauc_recall_at_20_diff1": 0.629704,
        "nauc_recall_at_100_max": 0.789056,
        "nauc_recall_at_100_std": 0.875146,
        "nauc_recall_at_100_diff1": 0.553257,
        "nauc_recall_at_1000_max": 0.758452,
        "nauc_recall_at_1000_std": 0.554244,
        "nauc_recall_at_1000_diff1": 0.14578,
        "nauc_precision_at_1_max": 0.200781,
        "nauc_precision_at_1_std": -0.023033,
        "nauc_precision_at_1_diff1": 0.70114,
        "nauc_precision_at_3_max": 0.132965,
        "nauc_precision_at_3_std": 0.075022,
        "nauc_precision_at_3_diff1": 0.3843,
        "nauc_precision_at_5_max": 0.059452,
        "nauc_precision_at_5_std": 0.02778,
        "nauc_precision_at_5_diff1": 0.195553,
        "nauc_precision_at_10_max": -0.029428,
        "nauc_precision_at_10_std": -0.083489,
        "nauc_precision_at_10_diff1": 0.200306,
        "nauc_precision_at_20_max": -0.099751,
        "nauc_precision_at_20_std": -0.135599,
        "nauc_precision_at_20_diff1": 0.102959,
        "nauc_precision_at_100_max": -0.1029,
        "nauc_precision_at_100_std": -0.140544,
        "nauc_precision_at_100_diff1": -0.130392,
        "nauc_precision_at_1000_max": -0.207197,
        "nauc_precision_at_1000_std": -0.248792,
        "nauc_precision_at_1000_diff1": -0.215413,
        "nauc_mrr_at_1_max": 0.200781,
        "nauc_mrr_at_1_std": -0.023033,
        "nauc_mrr_at_1_diff1": 0.70114,
        "nauc_mrr_at_3_max": 0.180531,
        "nauc_mrr_at_3_std": 0.011967,
        "nauc_mrr_at_3_diff1": 0.69645,
        "nauc_mrr_at_5_max": 0.171645,
        "nauc_mrr_at_5_std": 0.010797,
        "nauc_mrr_at_5_diff1": 0.68766,
        "nauc_mrr_at_10_max": 0.169678,
        "nauc_mrr_at_10_std": -0.001311,
        "nauc_mrr_at_10_diff1": 0.698378,
        "nauc_mrr_at_20_max": 0.178345,
        "nauc_mrr_at_20_std": -0.005325,
        "nauc_mrr_at_20_diff1": 0.700502,
        "nauc_mrr_at_100_max": 0.183977,
        "nauc_mrr_at_100_std": 0.003576,
        "nauc_mrr_at_100_diff1": 0.698577,
        "nauc_mrr_at_1000_max": 0.183514,
        "nauc_mrr_at_1000_std": 0.00301,
        "nauc_mrr_at_1000_diff1": 0.698543,
        "cv_recall_at_1": 0.40385,
        "cv_recall_at_3": 0.51923,
        "cv_recall_at_5": 0.63462,
        "cv_recall_at_10": 0.69231,
        "cv_recall_at_20": 0.84615,
        "cv_recall_at_100": 0.94231,
        "cv_recall_at_1000": 1.0,
        "main_score": 0.41755,
        "hf_subset": "default",
        "languages": [
          "eng-Latn"
        ]
      }
    ]
  },
  "evaluation_time": 1329.8242568969727,
  "kg_co2_emissions": null
}