{
  "dataset_revision": "5feb5630fdff4d8d189ffedb2dba56862fdd45c0",
  "task_name": "VidoreTatdqaRetrieval",
  "mteb_version": "2.7.26",
  "scores": {
    "test": [
      {
        "ndcg_at_1": 0.6209,
        "ndcg_at_3": 0.72121,
        "ndcg_at_5": 0.74508,
        "ndcg_at_10": 0.76741,
        "ndcg_at_20": 0.77658,
        "ndcg_at_100": 0.7836,
        "ndcg_at_1000": 0.7851,
        "map_at_1": 0.61938,
        "map_at_3": 0.69626,
        "map_at_5": 0.70974,
        "map_at_10": 0.71935,
        "map_at_20": 0.72191,
        "map_at_100": 0.72292,
        "map_at_1000": 0.723,
        "recall_at_1": 0.61938,
        "recall_at_3": 0.79198,
        "recall_at_5": 0.84939,
        "recall_at_10": 0.91683,
        "recall_at_20": 0.95273,
        "recall_at_100": 0.98961,
        "recall_at_1000": 1.0,
        "accuracy": 0.61938,
        "precision_at_1": 0.6209,
        "precision_at_3": 0.26488,
        "precision_at_5": 0.1706,
        "precision_at_10": 0.0921,
        "precision_at_20": 0.04787,
        "precision_at_100": 0.00996,
        "precision_at_1000": 0.00101,
        "mrr_at_1": 0.622114,
        "mrr_at_3": 0.698562,
        "mrr_at_5": 0.71129,
        "mrr_at_10": 0.721011,
        "mrr_at_20": 0.72345,
        "mrr_at_100": 0.724472,
        "mrr_at_1000": 0.724537,
        "nauc_ndcg_at_1_max": 0.172635,
        "nauc_ndcg_at_1_std": -0.368665,
        "nauc_ndcg_at_1_diff1": 0.762431,
        "nauc_ndcg_at_3_max": 0.18159,
        "nauc_ndcg_at_3_std": -0.400134,
        "nauc_ndcg_at_3_diff1": 0.70291,
        "nauc_ndcg_at_5_max": 0.19458,
        "nauc_ndcg_at_5_std": -0.36543,
        "nauc_ndcg_at_5_diff1": 0.702569,
        "nauc_ndcg_at_10_max": 0.207532,
        "nauc_ndcg_at_10_std": -0.351809,
        "nauc_ndcg_at_10_diff1": 0.707057,
        "nauc_ndcg_at_20_max": 0.200842,
        "nauc_ndcg_at_20_std": -0.343766,
        "nauc_ndcg_at_20_diff1": 0.709405,
        "nauc_ndcg_at_100_max": 0.196825,
        "nauc_ndcg_at_100_std": -0.352759,
        "nauc_ndcg_at_100_diff1": 0.714876,
        "nauc_ndcg_at_1000_max": 0.19183,
        "nauc_ndcg_at_1000_std": -0.36225,
        "nauc_ndcg_at_1000_diff1": 0.715884,
        "nauc_map_at_1_max": 0.17051,
        "nauc_map_at_1_std": -0.370535,
        "nauc_map_at_1_diff1": 0.76331,
        "nauc_map_at_3_max": 0.176838,
        "nauc_map_at_3_std": -0.394177,
        "nauc_map_at_3_diff1": 0.71924,
        "nauc_map_at_5_max": 0.18278,
        "nauc_map_at_5_std": -0.376536,
        "nauc_map_at_5_diff1": 0.719509,
        "nauc_map_at_10_max": 0.187589,
        "nauc_map_at_10_std": -0.371704,
        "nauc_map_at_10_diff1": 0.721461,
        "nauc_map_at_20_max": 0.185777,
        "nauc_map_at_20_std": -0.369933,
        "nauc_map_at_20_diff1": 0.72209,
        "nauc_map_at_100_max": 0.185325,
        "nauc_map_at_100_std": -0.370821,
        "nauc_map_at_100_diff1": 0.722626,
        "nauc_map_at_1000_max": 0.185103,
        "nauc_map_at_1000_std": -0.371242,
        "nauc_map_at_1000_diff1": 0.722665,
        "nauc_recall_at_1_max": 0.17051,
        "nauc_recall_at_1_std": -0.370535,
        "nauc_recall_at_1_diff1": 0.76331,
        "nauc_recall_at_3_max": 0.198154,
        "nauc_recall_at_3_std": -0.423531,
        "nauc_recall_at_3_diff1": 0.643492,
        "nauc_recall_at_5_max": 0.251659,
        "nauc_recall_at_5_std": -0.304957,
        "nauc_recall_at_5_diff1": 0.622353,
        "nauc_recall_at_10_max": 0.382135,
        "nauc_recall_at_10_std": -0.166662,
        "nauc_recall_at_10_diff1": 0.599676,
        "nauc_recall_at_20_max": 0.4135,
        "nauc_recall_at_20_std": 0.09657,
        "nauc_recall_at_20_diff1": 0.557728,
        "nauc_recall_at_100_max": 0.794989,
        "nauc_recall_at_100_std": 0.79106,
        "nauc_recall_at_100_diff1": 0.577264,
        "nauc_recall_at_1000_max": NaN,
        "nauc_recall_at_1000_std": NaN,
        "nauc_recall_at_1000_diff1": NaN,
        "nauc_precision_at_1_max": 0.172635,
        "nauc_precision_at_1_std": -0.368665,
        "nauc_precision_at_1_diff1": 0.762431,
        "nauc_precision_at_3_max": 0.19483,
        "nauc_precision_at_3_std": -0.422229,
        "nauc_precision_at_3_diff1": 0.63103,
        "nauc_precision_at_5_max": 0.239774,
        "nauc_precision_at_5_std": -0.292488,
        "nauc_precision_at_5_diff1": 0.591921,
        "nauc_precision_at_10_max": 0.358576,
        "nauc_precision_at_10_std": -0.134345,
        "nauc_precision_at_10_diff1": 0.529121,
        "nauc_precision_at_20_max": 0.35284,
        "nauc_precision_at_20_std": 0.109413,
        "nauc_precision_at_20_diff1": 0.424757,
        "nauc_precision_at_100_max": 0.287148,
        "nauc_precision_at_100_std": 0.373494,
        "nauc_precision_at_100_diff1": 0.031641,
        "nauc_precision_at_1000_max": -0.335132,
        "nauc_precision_at_1000_std": -0.235331,
        "nauc_precision_at_1000_diff1": -0.497778,
        "nauc_mrr_at_1_max": 0.175051,
        "nauc_mrr_at_1_std": -0.382842,
        "nauc_mrr_at_1_diff1": 0.760109,
        "nauc_mrr_at_3_max": 0.184019,
        "nauc_mrr_at_3_std": -0.39983,
        "nauc_mrr_at_3_diff1": 0.715328,
        "nauc_mrr_at_5_max": 0.188146,
        "nauc_mrr_at_5_std": -0.384018,
        "nauc_mrr_at_5_diff1": 0.716255,
        "nauc_mrr_at_10_max": 0.191486,
        "nauc_mrr_at_10_std": -0.379727,
        "nauc_mrr_at_10_diff1": 0.718523,
        "nauc_mrr_at_20_max": 0.190053,
        "nauc_mrr_at_20_std": -0.377917,
        "nauc_mrr_at_20_diff1": 0.719087,
        "nauc_mrr_at_100_max": 0.189593,
        "nauc_mrr_at_100_std": -0.378884,
        "nauc_mrr_at_100_diff1": 0.719603,
        "nauc_mrr_at_1000_max": 0.189435,
        "nauc_mrr_at_1000_std": -0.379204,
        "nauc_mrr_at_1000_diff1": 0.719663,
        "cv_recall_at_1": 0.62211,
        "cv_recall_at_3": 0.79465,
        "cv_recall_at_5": 0.84933,
        "cv_recall_at_10": 0.91859,
        "cv_recall_at_20": 0.95322,
        "cv_recall_at_100": 0.99028,
        "cv_recall_at_1000": 1.0,
        "main_score": 0.74508,
        "hf_subset": "default",
        "languages": [
          "eng-Latn"
        ]
      }
    ]
  },
  "evaluation_time": 537.5246767997742,
  "kg_co2_emissions": null
}