{
  "dataset_revision": "2d9ebea5a1c6e9ef4a3b902a612f605dca11261c",
  "task_name": "VidoreSyntheticDocQAAIRetrieval",
  "mteb_version": "2.7.26",
  "scores": {
    "test": [
      {
        "ndcg_at_1": 0.9,
        "ndcg_at_3": 0.94524,
        "ndcg_at_5": 0.94911,
        "ndcg_at_10": 0.94911,
        "ndcg_at_20": 0.94911,
        "ndcg_at_100": 0.94911,
        "ndcg_at_1000": 0.9506,
        "map_at_1": 0.9,
        "map_at_3": 0.93333,
        "map_at_5": 0.93533,
        "map_at_10": 0.93533,
        "map_at_20": 0.93533,
        "map_at_100": 0.93533,
        "map_at_1000": 0.93543,
        "recall_at_1": 0.9,
        "recall_at_3": 0.98,
        "recall_at_5": 0.99,
        "recall_at_10": 0.99,
        "recall_at_20": 0.99,
        "recall_at_100": 0.99,
        "recall_at_1000": 1.0,
        "accuracy": 0.9,
        "precision_at_1": 0.9,
        "precision_at_3": 0.32667,
        "precision_at_5": 0.198,
        "precision_at_10": 0.099,
        "precision_at_20": 0.0495,
        "precision_at_100": 0.0099,
        "precision_at_1000": 0.001,
        "mrr_at_1": 0.9,
        "mrr_at_3": 0.933333,
        "mrr_at_5": 0.935333,
        "mrr_at_10": 0.935333,
        "mrr_at_20": 0.935333,
        "mrr_at_100": 0.935333,
        "mrr_at_1000": 0.93543,
        "nauc_ndcg_at_1_max": 0.602054,
        "nauc_ndcg_at_1_std": 0.121569,
        "nauc_ndcg_at_1_diff1": 0.931373,
        "nauc_ndcg_at_3_max": 0.694758,
        "nauc_ndcg_at_3_std": 0.294126,
        "nauc_ndcg_at_3_diff1": 0.886617,
        "nauc_ndcg_at_5_max": 0.671556,
        "nauc_ndcg_at_5_std": 0.240472,
        "nauc_ndcg_at_5_diff1": 0.899113,
        "nauc_ndcg_at_10_max": 0.671556,
        "nauc_ndcg_at_10_std": 0.240472,
        "nauc_ndcg_at_10_diff1": 0.899113,
        "nauc_ndcg_at_20_max": 0.671556,
        "nauc_ndcg_at_20_std": 0.240472,
        "nauc_ndcg_at_20_diff1": 0.899113,
        "nauc_ndcg_at_100_max": 0.671556,
        "nauc_ndcg_at_100_std": 0.240472,
        "nauc_ndcg_at_100_diff1": 0.899113,
        "nauc_ndcg_at_1000_max": 0.665583,
        "nauc_ndcg_at_1000_std": 0.230995,
        "nauc_ndcg_at_1000_diff1": 0.904457,
        "nauc_map_at_1_max": 0.602054,
        "nauc_map_at_1_std": 0.121569,
        "nauc_map_at_1_diff1": 0.931373,
        "nauc_map_at_3_max": 0.668744,
        "nauc_map_at_3_std": 0.24239,
        "nauc_map_at_3_diff1": 0.903595,
        "nauc_map_at_5_max": 0.658499,
        "nauc_map_at_5_std": 0.218959,
        "nauc_map_at_5_diff1": 0.909204,
        "nauc_map_at_10_max": 0.658499,
        "nauc_map_at_10_std": 0.218959,
        "nauc_map_at_10_diff1": 0.909204,
        "nauc_map_at_20_max": 0.658499,
        "nauc_map_at_20_std": 0.218959,
        "nauc_map_at_20_diff1": 0.909204,
        "nauc_map_at_100_max": 0.658499,
        "nauc_map_at_100_std": 0.218959,
        "nauc_map_at_100_diff1": 0.909204,
        "nauc_map_at_1000_max": 0.658182,
        "nauc_map_at_1000_std": 0.218455,
        "nauc_map_at_1000_diff1": 0.909485,
        "nauc_recall_at_1_max": 0.602054,
        "nauc_recall_at_1_std": 0.121569,
        "nauc_recall_at_1_diff1": 0.931373,
        "nauc_recall_at_3_max": 0.934641,
        "nauc_recall_at_3_std": 0.777077,
        "nauc_recall_at_3_diff1": 0.722222,
        "nauc_recall_at_5_max": 0.869281,
        "nauc_recall_at_5_std": 0.554155,
        "nauc_recall_at_5_diff1": 0.722222,
        "nauc_recall_at_10_max": 0.869281,
        "nauc_recall_at_10_std": 0.554155,
        "nauc_recall_at_10_diff1": 0.722222,
        "nauc_recall_at_20_max": 0.869281,
        "nauc_recall_at_20_std": 0.554155,
        "nauc_recall_at_20_diff1": 0.722222,
        "nauc_recall_at_100_max": 0.869281,
        "nauc_recall_at_100_std": 0.554155,
        "nauc_recall_at_100_diff1": 0.722222,
        "nauc_recall_at_1000_max": NaN,
        "nauc_recall_at_1000_std": NaN,
        "nauc_recall_at_1000_diff1": NaN,
        "nauc_precision_at_1_max": 0.602054,
        "nauc_precision_at_1_std": 0.121569,
        "nauc_precision_at_1_diff1": 0.931373,
        "nauc_precision_at_3_max": 0.934641,
        "nauc_precision_at_3_std": 0.777077,
        "nauc_precision_at_3_diff1": 0.722222,
        "nauc_precision_at_5_max": 0.869281,
        "nauc_precision_at_5_std": 0.554155,
        "nauc_precision_at_5_diff1": 0.722222,
        "nauc_precision_at_10_max": 0.869281,
        "nauc_precision_at_10_std": 0.554155,
        "nauc_precision_at_10_diff1": 0.722222,
        "nauc_precision_at_20_max": 0.869281,
        "nauc_precision_at_20_std": 0.554155,
        "nauc_precision_at_20_diff1": 0.722222,
        "nauc_precision_at_100_max": 0.869281,
        "nauc_precision_at_100_std": 0.554155,
        "nauc_precision_at_100_diff1": 0.722222,
        "nauc_precision_at_1000_max": NaN,
        "nauc_precision_at_1000_std": NaN,
        "nauc_precision_at_1000_diff1": NaN,
        "nauc_mrr_at_1_max": 0.602054,
        "nauc_mrr_at_1_std": 0.121569,
        "nauc_mrr_at_1_diff1": 0.931373,
        "nauc_mrr_at_3_max": 0.668744,
        "nauc_mrr_at_3_std": 0.24239,
        "nauc_mrr_at_3_diff1": 0.903595,
        "nauc_mrr_at_5_max": 0.658499,
        "nauc_mrr_at_5_std": 0.218959,
        "nauc_mrr_at_5_diff1": 0.909204,
        "nauc_mrr_at_10_max": 0.658499,
        "nauc_mrr_at_10_std": 0.218959,
        "nauc_mrr_at_10_diff1": 0.909204,
        "nauc_mrr_at_20_max": 0.658499,
        "nauc_mrr_at_20_std": 0.218959,
        "nauc_mrr_at_20_diff1": 0.909204,
        "nauc_mrr_at_100_max": 0.658499,
        "nauc_mrr_at_100_std": 0.218959,
        "nauc_mrr_at_100_diff1": 0.909204,
        "nauc_mrr_at_1000_max": 0.658182,
        "nauc_mrr_at_1000_std": 0.218455,
        "nauc_mrr_at_1000_diff1": 0.909485,
        "cv_recall_at_1": 0.9,
        "cv_recall_at_3": 0.98,
        "cv_recall_at_5": 0.99,
        "cv_recall_at_10": 0.99,
        "cv_recall_at_20": 0.99,
        "cv_recall_at_100": 0.99,
        "cv_recall_at_1000": 1.0,
        "main_score": 0.94911,
        "hf_subset": "default",
        "languages": [
          "eng-Latn"
        ]
      }
    ]
  },
  "evaluation_time": 832.5201780796051,
  "kg_co2_emissions": null
}