{
  "dataset_revision": "84a382e05c4473fed9cff2bbae95fe2379416117",
  "task_name": "VidoreShiftProjectRetrieval",
  "mteb_version": "2.7.26",
  "scores": {
    "test": [
      {
        "ndcg_at_1": 0.42,
        "ndcg_at_3": 0.5344,
        "ndcg_at_5": 0.56236,
        "ndcg_at_10": 0.59872,
        "ndcg_at_20": 0.61718,
        "ndcg_at_100": 0.63558,
        "ndcg_at_1000": 0.63958,
        "map_at_1": 0.42,
        "map_at_3": 0.505,
        "map_at_5": 0.52,
        "map_at_10": 0.53548,
        "map_at_20": 0.54095,
        "map_at_100": 0.54342,
        "map_at_1000": 0.5436,
        "recall_at_1": 0.42,
        "recall_at_3": 0.62,
        "recall_at_5": 0.69,
        "recall_at_10": 0.8,
        "recall_at_20": 0.87,
        "recall_at_100": 0.97,
        "recall_at_1000": 1.0,
        "accuracy": 0.42,
        "precision_at_1": 0.42,
        "precision_at_3": 0.20667,
        "precision_at_5": 0.138,
        "precision_at_10": 0.08,
        "precision_at_20": 0.0435,
        "precision_at_100": 0.0097,
        "precision_at_1000": 0.001,
        "mrr_at_1": 0.42,
        "mrr_at_3": 0.505,
        "mrr_at_5": 0.52,
        "mrr_at_10": 0.535484,
        "mrr_at_20": 0.540949,
        "mrr_at_100": 0.54342,
        "mrr_at_1000": 0.543597,
        "nauc_ndcg_at_1_max": 0.178876,
        "nauc_ndcg_at_1_std": 0.049252,
        "nauc_ndcg_at_1_diff1": 0.476087,
        "nauc_ndcg_at_3_max": 0.233887,
        "nauc_ndcg_at_3_std": -0.002034,
        "nauc_ndcg_at_3_diff1": 0.43371,
        "nauc_ndcg_at_5_max": 0.238329,
        "nauc_ndcg_at_5_std": -0.002967,
        "nauc_ndcg_at_5_diff1": 0.435177,
        "nauc_ndcg_at_10_max": 0.226831,
        "nauc_ndcg_at_10_std": 0.022392,
        "nauc_ndcg_at_10_diff1": 0.414919,
        "nauc_ndcg_at_20_max": 0.24347,
        "nauc_ndcg_at_20_std": 0.03869,
        "nauc_ndcg_at_20_diff1": 0.391135,
        "nauc_ndcg_at_100_max": 0.243593,
        "nauc_ndcg_at_100_std": 0.045937,
        "nauc_ndcg_at_100_diff1": 0.42087,
        "nauc_ndcg_at_1000_max": 0.232166,
        "nauc_ndcg_at_1000_std": 0.032356,
        "nauc_ndcg_at_1000_diff1": 0.424532,
        "nauc_map_at_1_max": 0.178876,
        "nauc_map_at_1_std": 0.049252,
        "nauc_map_at_1_diff1": 0.476087,
        "nauc_map_at_3_max": 0.224124,
        "nauc_map_at_3_std": 0.015893,
        "nauc_map_at_3_diff1": 0.446865,
        "nauc_map_at_5_max": 0.22485,
        "nauc_map_at_5_std": 0.014333,
        "nauc_map_at_5_diff1": 0.447258,
        "nauc_map_at_10_max": 0.219702,
        "nauc_map_at_10_std": 0.023939,
        "nauc_map_at_10_diff1": 0.438633,
        "nauc_map_at_20_max": 0.223852,
        "nauc_map_at_20_std": 0.027709,
        "nauc_map_at_20_diff1": 0.43235,
        "nauc_map_at_100_max": 0.223542,
        "nauc_map_at_100_std": 0.028781,
        "nauc_map_at_100_diff1": 0.436727,
        "nauc_map_at_1000_max": 0.223117,
        "nauc_map_at_1000_std": 0.028316,
        "nauc_map_at_1000_diff1": 0.436808,
        "nauc_recall_at_1_max": 0.178876,
        "nauc_recall_at_1_std": 0.049252,
        "nauc_recall_at_1_diff1": 0.476087,
        "nauc_recall_at_3_max": 0.263237,
        "nauc_recall_at_3_std": -0.06181,
        "nauc_recall_at_3_diff1": 0.39041,
        "nauc_recall_at_5_max": 0.287405,
        "nauc_recall_at_5_std": -0.065418,
        "nauc_recall_at_5_diff1": 0.391961,
        "nauc_recall_at_10_max": 0.256369,
        "nauc_recall_at_10_std": 0.033317,
        "nauc_recall_at_10_diff1": 0.290784,
        "nauc_recall_at_20_max": 0.406798,
        "nauc_recall_at_20_std": 0.180293,
        "nauc_recall_at_20_diff1": 0.046175,
        "nauc_recall_at_100_max": 0.956427,
        "nauc_recall_at_100_std": 0.907407,
        "nauc_recall_at_100_diff1": 0.168534,
        "nauc_recall_at_1000_max": NaN,
        "nauc_recall_at_1000_std": NaN,
        "nauc_recall_at_1000_diff1": NaN,
        "nauc_precision_at_1_max": 0.178876,
        "nauc_precision_at_1_std": 0.049252,
        "nauc_precision_at_1_diff1": 0.476087,
        "nauc_precision_at_3_max": 0.263237,
        "nauc_precision_at_3_std": -0.06181,
        "nauc_precision_at_3_diff1": 0.39041,
        "nauc_precision_at_5_max": 0.287405,
        "nauc_precision_at_5_std": -0.065418,
        "nauc_precision_at_5_diff1": 0.391961,
        "nauc_precision_at_10_max": 0.256369,
        "nauc_precision_at_10_std": 0.033317,
        "nauc_precision_at_10_diff1": 0.290784,
        "nauc_precision_at_20_max": 0.406798,
        "nauc_precision_at_20_std": 0.180293,
        "nauc_precision_at_20_diff1": 0.046175,
        "nauc_precision_at_100_max": 0.956427,
        "nauc_precision_at_100_std": 0.907407,
        "nauc_precision_at_100_diff1": 0.168534,
        "nauc_precision_at_1000_max": NaN,
        "nauc_precision_at_1000_std": NaN,
        "nauc_precision_at_1000_diff1": NaN,
        "nauc_mrr_at_1_max": 0.178876,
        "nauc_mrr_at_1_std": 0.049252,
        "nauc_mrr_at_1_diff1": 0.476087,
        "nauc_mrr_at_3_max": 0.224124,
        "nauc_mrr_at_3_std": 0.015893,
        "nauc_mrr_at_3_diff1": 0.446865,
        "nauc_mrr_at_5_max": 0.22485,
        "nauc_mrr_at_5_std": 0.014333,
        "nauc_mrr_at_5_diff1": 0.447258,
        "nauc_mrr_at_10_max": 0.219702,
        "nauc_mrr_at_10_std": 0.023939,
        "nauc_mrr_at_10_diff1": 0.438633,
        "nauc_mrr_at_20_max": 0.223852,
        "nauc_mrr_at_20_std": 0.027709,
        "nauc_mrr_at_20_diff1": 0.43235,
        "nauc_mrr_at_100_max": 0.223542,
        "nauc_mrr_at_100_std": 0.028781,
        "nauc_mrr_at_100_diff1": 0.436727,
        "nauc_mrr_at_1000_max": 0.223117,
        "nauc_mrr_at_1000_std": 0.028316,
        "nauc_mrr_at_1000_diff1": 0.436808,
        "cv_recall_at_1": 0.42,
        "cv_recall_at_3": 0.62,
        "cv_recall_at_5": 0.69,
        "cv_recall_at_10": 0.8,
        "cv_recall_at_20": 0.87,
        "cv_recall_at_100": 0.97,
        "cv_recall_at_1000": 1.0,
        "main_score": 0.56236,
        "hf_subset": "default",
        "languages": [
          "eng-Latn"
        ]
      }
    ]
  },
  "evaluation_time": 785.3969433307648,
  "kg_co2_emissions": null
}