{
  "dataset_revision": "9935aadbad5c8deec30910489db1b2c7133ae7a7",
  "task_name": "VidoreSyntheticDocQAEnergyRetrieval",
  "mteb_version": "2.7.26",
  "scores": {
    "test": [
      {
        "ndcg_at_1": 0.88,
        "ndcg_at_3": 0.91024,
        "ndcg_at_5": 0.91841,
        "ndcg_at_10": 0.92142,
        "ndcg_at_20": 0.92648,
        "ndcg_at_100": 0.93074,
        "ndcg_at_1000": 0.93074,
        "map_at_1": 0.88,
        "map_at_3": 0.90333,
        "map_at_5": 0.90783,
        "map_at_10": 0.90894,
        "map_at_20": 0.91033,
        "map_at_100": 0.91113,
        "map_at_1000": 0.91113,
        "recall_at_1": 0.88,
        "recall_at_3": 0.93,
        "recall_at_5": 0.95,
        "recall_at_10": 0.96,
        "recall_at_20": 0.98,
        "recall_at_100": 1.0,
        "recall_at_1000": 1.0,
        "accuracy": 0.88,
        "precision_at_1": 0.88,
        "precision_at_3": 0.31,
        "precision_at_5": 0.19,
        "precision_at_10": 0.096,
        "precision_at_20": 0.049,
        "precision_at_100": 0.01,
        "precision_at_1000": 0.001,
        "mrr_at_1": 0.88,
        "mrr_at_3": 0.903333,
        "mrr_at_5": 0.907833,
        "mrr_at_10": 0.908944,
        "mrr_at_20": 0.910325,
        "mrr_at_100": 0.911135,
        "mrr_at_1000": 0.911135,
        "nauc_ndcg_at_1_max": 0.464803,
        "nauc_ndcg_at_1_std": -0.505369,
        "nauc_ndcg_at_1_diff1": 0.916083,
        "nauc_ndcg_at_3_max": 0.508594,
        "nauc_ndcg_at_3_std": -0.549297,
        "nauc_ndcg_at_3_diff1": 0.877852,
        "nauc_ndcg_at_5_max": 0.524673,
        "nauc_ndcg_at_5_std": -0.588313,
        "nauc_ndcg_at_5_diff1": 0.878794,
        "nauc_ndcg_at_10_max": 0.531135,
        "nauc_ndcg_at_10_std": -0.543645,
        "nauc_ndcg_at_10_diff1": 0.874093,
        "nauc_ndcg_at_20_max": 0.525588,
        "nauc_ndcg_at_20_std": -0.514269,
        "nauc_ndcg_at_20_diff1": 0.885287,
        "nauc_ndcg_at_100_max": 0.509166,
        "nauc_ndcg_at_100_std": -0.541459,
        "nauc_ndcg_at_100_diff1": 0.886286,
        "nauc_ndcg_at_1000_max": 0.509166,
        "nauc_ndcg_at_1000_std": -0.541459,
        "nauc_ndcg_at_1000_diff1": 0.886286,
        "nauc_map_at_1_max": 0.464803,
        "nauc_map_at_1_std": -0.505369,
        "nauc_map_at_1_diff1": 0.916083,
        "nauc_map_at_3_max": 0.498817,
        "nauc_map_at_3_std": -0.533642,
        "nauc_map_at_3_diff1": 0.887562,
        "nauc_map_at_5_max": 0.505572,
        "nauc_map_at_5_std": -0.554592,
        "nauc_map_at_5_diff1": 0.888107,
        "nauc_map_at_10_max": 0.507398,
        "nauc_map_at_10_std": -0.539916,
        "nauc_map_at_10_diff1": 0.886722,
        "nauc_map_at_20_max": 0.505874,
        "nauc_map_at_20_std": -0.532997,
        "nauc_map_at_20_diff1": 0.889372,
        "nauc_map_at_100_max": 0.503003,
        "nauc_map_at_100_std": -0.537727,
        "nauc_map_at_100_diff1": 0.889558,
        "nauc_map_at_1000_max": 0.503003,
        "nauc_map_at_1000_std": -0.537727,
        "nauc_map_at_1000_diff1": 0.889558,
        "nauc_recall_at_1_max": 0.464803,
        "nauc_recall_at_1_std": -0.505369,
        "nauc_recall_at_1_diff1": 0.916083,
        "nauc_recall_at_3_max": 0.545218,
        "nauc_recall_at_3_std": -0.612312,
        "nauc_recall_at_3_diff1": 0.840603,
        "nauc_recall_at_5_max": 0.627918,
        "nauc_recall_at_5_std": -0.771335,
        "nauc_recall_at_5_diff1": 0.8324,
        "nauc_recall_at_10_max": 0.695378,
        "nauc_recall_at_10_std": -0.529178,
        "nauc_recall_at_10_diff1": 0.7905,
        "nauc_recall_at_20_max": 0.777077,
        "nauc_recall_at_20_std": -0.102708,
        "nauc_recall_at_20_diff1": 0.869281,
        "nauc_recall_at_100_max": NaN,
        "nauc_recall_at_100_std": NaN,
        "nauc_recall_at_100_diff1": NaN,
        "nauc_recall_at_1000_max": NaN,
        "nauc_recall_at_1000_std": NaN,
        "nauc_recall_at_1000_diff1": NaN,
        "nauc_precision_at_1_max": 0.464803,
        "nauc_precision_at_1_std": -0.505369,
        "nauc_precision_at_1_diff1": 0.916083,
        "nauc_precision_at_3_max": 0.545218,
        "nauc_precision_at_3_std": -0.612312,
        "nauc_precision_at_3_diff1": 0.840603,
        "nauc_precision_at_5_max": 0.627918,
        "nauc_precision_at_5_std": -0.771335,
        "nauc_precision_at_5_diff1": 0.8324,
        "nauc_precision_at_10_max": 0.695378,
        "nauc_precision_at_10_std": -0.529178,
        "nauc_precision_at_10_diff1": 0.7905,
        "nauc_precision_at_20_max": 0.777077,
        "nauc_precision_at_20_std": -0.102708,
        "nauc_precision_at_20_diff1": 0.869281,
        "nauc_precision_at_100_max": NaN,
        "nauc_precision_at_100_std": NaN,
        "nauc_precision_at_100_diff1": NaN,
        "nauc_precision_at_1000_max": NaN,
        "nauc_precision_at_1000_std": NaN,
        "nauc_precision_at_1000_diff1": NaN,
        "nauc_mrr_at_1_max": 0.464803,
        "nauc_mrr_at_1_std": -0.505369,
        "nauc_mrr_at_1_diff1": 0.916083,
        "nauc_mrr_at_3_max": 0.498817,
        "nauc_mrr_at_3_std": -0.533642,
        "nauc_mrr_at_3_diff1": 0.887562,
        "nauc_mrr_at_5_max": 0.505572,
        "nauc_mrr_at_5_std": -0.554592,
        "nauc_mrr_at_5_diff1": 0.888107,
        "nauc_mrr_at_10_max": 0.507398,
        "nauc_mrr_at_10_std": -0.539916,
        "nauc_mrr_at_10_diff1": 0.886722,
        "nauc_mrr_at_20_max": 0.505874,
        "nauc_mrr_at_20_std": -0.532997,
        "nauc_mrr_at_20_diff1": 0.889372,
        "nauc_mrr_at_100_max": 0.503003,
        "nauc_mrr_at_100_std": -0.537727,
        "nauc_mrr_at_100_diff1": 0.889558,
        "nauc_mrr_at_1000_max": 0.503003,
        "nauc_mrr_at_1000_std": -0.537727,
        "nauc_mrr_at_1000_diff1": 0.889558,
        "cv_recall_at_1": 0.88,
        "cv_recall_at_3": 0.93,
        "cv_recall_at_5": 0.95,
        "cv_recall_at_10": 0.96,
        "cv_recall_at_20": 0.98,
        "cv_recall_at_100": 1.0,
        "cv_recall_at_1000": 1.0,
        "main_score": 0.91841,
        "hf_subset": "default",
        "languages": [
          "eng-Latn"
        ]
      }
    ]
  },
  "evaluation_time": 758.059130191803,
  "kg_co2_emissions": null
}