{
  "dataset_revision": "f9e25d5b6e13e1ad9f5c3cce202565031b3ab164",
  "task_name": "VidoreSyntheticDocQAHealthcareIndustryRetrieval",
  "mteb_version": "2.7.26",
  "scores": {
    "test": [
      {
        "ndcg_at_1": 0.9,
        "ndcg_at_3": 0.94286,
        "ndcg_at_5": 0.95103,
        "ndcg_at_10": 0.95103,
        "ndcg_at_20": 0.95366,
        "ndcg_at_100": 0.95366,
        "ndcg_at_1000": 0.95366,
        "map_at_1": 0.9,
        "map_at_3": 0.93333,
        "map_at_5": 0.93783,
        "map_at_10": 0.93783,
        "map_at_20": 0.9386,
        "map_at_100": 0.9386,
        "map_at_1000": 0.9386,
        "recall_at_1": 0.9,
        "recall_at_3": 0.97,
        "recall_at_5": 0.99,
        "recall_at_10": 0.99,
        "recall_at_20": 1.0,
        "recall_at_100": 1.0,
        "recall_at_1000": 1.0,
        "accuracy": 0.9,
        "precision_at_1": 0.9,
        "precision_at_3": 0.32333,
        "precision_at_5": 0.198,
        "precision_at_10": 0.099,
        "precision_at_20": 0.05,
        "precision_at_100": 0.01,
        "precision_at_1000": 0.001,
        "mrr_at_1": 0.9,
        "mrr_at_3": 0.933333,
        "mrr_at_5": 0.937833,
        "mrr_at_10": 0.937833,
        "mrr_at_20": 0.938603,
        "mrr_at_100": 0.938603,
        "mrr_at_1000": 0.938603,
        "nauc_ndcg_at_1_max": 0.764939,
        "nauc_ndcg_at_1_std": 0.071942,
        "nauc_ndcg_at_1_diff1": 0.855742,
        "nauc_ndcg_at_3_max": 0.761925,
        "nauc_ndcg_at_3_std": 0.021777,
        "nauc_ndcg_at_3_diff1": 0.804095,
        "nauc_ndcg_at_5_max": 0.746608,
        "nauc_ndcg_at_5_std": 0.012193,
        "nauc_ndcg_at_5_diff1": 0.793212,
        "nauc_ndcg_at_10_max": 0.746608,
        "nauc_ndcg_at_10_std": 0.012193,
        "nauc_ndcg_at_10_diff1": 0.793212,
        "nauc_ndcg_at_20_max": 0.757516,
        "nauc_ndcg_at_20_std": 0.022595,
        "nauc_ndcg_at_20_diff1": 0.817874,
        "nauc_ndcg_at_100_max": 0.757516,
        "nauc_ndcg_at_100_std": 0.022595,
        "nauc_ndcg_at_100_diff1": 0.817874,
        "nauc_ndcg_at_1000_max": 0.757516,
        "nauc_ndcg_at_1000_std": 0.022595,
        "nauc_ndcg_at_1000_diff1": 0.817874,
        "nauc_map_at_1_max": 0.764939,
        "nauc_map_at_1_std": 0.071942,
        "nauc_map_at_1_diff1": 0.855742,
        "nauc_map_at_3_max": 0.762488,
        "nauc_map_at_3_std": 0.026319,
        "nauc_map_at_3_diff1": 0.820787,
        "nauc_map_at_5_max": 0.756466,
        "nauc_map_at_5_std": 0.023594,
        "nauc_map_at_5_diff1": 0.817276,
        "nauc_map_at_10_max": 0.756466,
        "nauc_map_at_10_std": 0.023594,
        "nauc_map_at_10_diff1": 0.817276,
        "nauc_map_at_20_max": 0.759001,
        "nauc_map_at_20_std": 0.026036,
        "nauc_map_at_20_diff1": 0.82303,
        "nauc_map_at_100_max": 0.759001,
        "nauc_map_at_100_std": 0.026036,
        "nauc_map_at_100_diff1": 0.82303,
        "nauc_map_at_1000_max": 0.759001,
        "nauc_map_at_1000_std": 0.026036,
        "nauc_map_at_1000_diff1": 0.82303,
        "nauc_recall_at_1_max": 0.764939,
        "nauc_recall_at_1_std": 0.071942,
        "nauc_recall_at_1_diff1": 0.855742,
        "nauc_recall_at_3_max": 0.758792,
        "nauc_recall_at_3_std": 0.005135,
        "nauc_recall_at_3_diff1": 0.69888,
        "nauc_recall_at_5_max": 0.554155,
        "nauc_recall_at_5_std": -0.171335,
        "nauc_recall_at_5_diff1": 0.358077,
        "nauc_recall_at_10_max": 0.554155,
        "nauc_recall_at_10_std": -0.171335,
        "nauc_recall_at_10_diff1": 0.358077,
        "nauc_recall_at_20_max": NaN,
        "nauc_recall_at_20_std": NaN,
        "nauc_recall_at_20_diff1": NaN,
        "nauc_recall_at_100_max": NaN,
        "nauc_recall_at_100_std": NaN,
        "nauc_recall_at_100_diff1": NaN,
        "nauc_recall_at_1000_max": NaN,
        "nauc_recall_at_1000_std": NaN,
        "nauc_recall_at_1000_diff1": NaN,
        "nauc_precision_at_1_max": 0.764939,
        "nauc_precision_at_1_std": 0.071942,
        "nauc_precision_at_1_diff1": 0.855742,
        "nauc_precision_at_3_max": 0.758792,
        "nauc_precision_at_3_std": 0.005135,
        "nauc_precision_at_3_diff1": 0.69888,
        "nauc_precision_at_5_max": 0.554155,
        "nauc_precision_at_5_std": -0.171335,
        "nauc_precision_at_5_diff1": 0.358077,
        "nauc_precision_at_10_max": 0.554155,
        "nauc_precision_at_10_std": -0.171335,
        "nauc_precision_at_10_diff1": 0.358077,
        "nauc_precision_at_20_max": 1.0,
        "nauc_precision_at_20_std": 1.0,
        "nauc_precision_at_20_diff1": 1.0,
        "nauc_precision_at_100_max": NaN,
        "nauc_precision_at_100_std": NaN,
        "nauc_precision_at_100_diff1": NaN,
        "nauc_precision_at_1000_max": NaN,
        "nauc_precision_at_1000_std": NaN,
        "nauc_precision_at_1000_diff1": NaN,
        "nauc_mrr_at_1_max": 0.764939,
        "nauc_mrr_at_1_std": 0.071942,
        "nauc_mrr_at_1_diff1": 0.855742,
        "nauc_mrr_at_3_max": 0.762488,
        "nauc_mrr_at_3_std": 0.026319,
        "nauc_mrr_at_3_diff1": 0.820787,
        "nauc_mrr_at_5_max": 0.756466,
        "nauc_mrr_at_5_std": 0.023594,
        "nauc_mrr_at_5_diff1": 0.817276,
        "nauc_mrr_at_10_max": 0.756466,
        "nauc_mrr_at_10_std": 0.023594,
        "nauc_mrr_at_10_diff1": 0.817276,
        "nauc_mrr_at_20_max": 0.759001,
        "nauc_mrr_at_20_std": 0.026036,
        "nauc_mrr_at_20_diff1": 0.82303,
        "nauc_mrr_at_100_max": 0.759001,
        "nauc_mrr_at_100_std": 0.026036,
        "nauc_mrr_at_100_diff1": 0.82303,
        "nauc_mrr_at_1000_max": 0.759001,
        "nauc_mrr_at_1000_std": 0.026036,
        "nauc_mrr_at_1000_diff1": 0.82303,
        "cv_recall_at_1": 0.9,
        "cv_recall_at_3": 0.97,
        "cv_recall_at_5": 0.99,
        "cv_recall_at_10": 0.99,
        "cv_recall_at_20": 1.0,
        "cv_recall_at_100": 1.0,
        "cv_recall_at_1000": 1.0,
        "main_score": 0.95103,
        "hf_subset": "default",
        "languages": [
          "eng-Latn"
        ]
      }
    ]
  },
  "evaluation_time": 730.6555423736572,
  "kg_co2_emissions": null
}