{
  "dataset_revision": "6d467dedb09a75144ede1421747e47cf036857dd",
  "task_name": "Vidore2ESGReportsHLRetrieval",
  "mteb_version": "2.7.26",
  "scores": {
    "test": [
      {
        "ndcg_at_1": 0.30769,
        "ndcg_at_3": 0.36294,
        "ndcg_at_5": 0.39146,
        "ndcg_at_10": 0.42778,
        "ndcg_at_20": 0.45737,
        "ndcg_at_100": 0.50216,
        "ndcg_at_1000": 0.53325,
        "map_at_1": 0.24487,
        "map_at_3": 0.31054,
        "map_at_5": 0.33873,
        "map_at_10": 0.3622,
        "map_at_20": 0.3712,
        "map_at_100": 0.38115,
        "map_at_1000": 0.38354,
        "recall_at_1": 0.24487,
        "recall_at_3": 0.35976,
        "recall_at_5": 0.44933,
        "recall_at_10": 0.54389,
        "recall_at_20": 0.64293,
        "recall_at_100": 0.82518,
        "recall_at_1000": 1.0,
        "accuracy": 0.24487,
        "precision_at_1": 0.30769,
        "precision_at_3": 0.19231,
        "precision_at_5": 0.15769,
        "precision_at_10": 0.10769,
        "precision_at_20": 0.06346,
        "precision_at_100": 0.01865,
        "precision_at_1000": 0.00246,
        "mrr_at_1": 0.307692,
        "mrr_at_3": 0.391026,
        "mrr_at_5": 0.416987,
        "mrr_at_10": 0.432128,
        "mrr_at_20": 0.439022,
        "mrr_at_100": 0.441375,
        "mrr_at_1000": 0.44207,
        "nauc_ndcg_at_1_max": 0.531486,
        "nauc_ndcg_at_1_std": 0.25079,
        "nauc_ndcg_at_1_diff1": 0.291556,
        "nauc_ndcg_at_3_max": 0.524754,
        "nauc_ndcg_at_3_std": 0.188592,
        "nauc_ndcg_at_3_diff1": 0.282736,
        "nauc_ndcg_at_5_max": 0.531873,
        "nauc_ndcg_at_5_std": 0.214845,
        "nauc_ndcg_at_5_diff1": 0.346544,
        "nauc_ndcg_at_10_max": 0.523285,
        "nauc_ndcg_at_10_std": 0.186153,
        "nauc_ndcg_at_10_diff1": 0.310163,
        "nauc_ndcg_at_20_max": 0.513404,
        "nauc_ndcg_at_20_std": 0.203346,
        "nauc_ndcg_at_20_diff1": 0.297927,
        "nauc_ndcg_at_100_max": 0.498096,
        "nauc_ndcg_at_100_std": 0.194647,
        "nauc_ndcg_at_100_diff1": 0.256437,
        "nauc_ndcg_at_1000_max": 0.517912,
        "nauc_ndcg_at_1000_std": 0.195634,
        "nauc_ndcg_at_1000_diff1": 0.304353,
        "nauc_map_at_1_max": 0.494573,
        "nauc_map_at_1_std": 0.144482,
        "nauc_map_at_1_diff1": 0.32491,
        "nauc_map_at_3_max": 0.514204,
        "nauc_map_at_3_std": 0.157828,
        "nauc_map_at_3_diff1": 0.305674,
        "nauc_map_at_5_max": 0.535992,
        "nauc_map_at_5_std": 0.200202,
        "nauc_map_at_5_diff1": 0.345988,
        "nauc_map_at_10_max": 0.542494,
        "nauc_map_at_10_std": 0.207057,
        "nauc_map_at_10_diff1": 0.325326,
        "nauc_map_at_20_max": 0.539091,
        "nauc_map_at_20_std": 0.211855,
        "nauc_map_at_20_diff1": 0.320692,
        "nauc_map_at_100_max": 0.535139,
        "nauc_map_at_100_std": 0.207502,
        "nauc_map_at_100_diff1": 0.309821,
        "nauc_map_at_1000_max": 0.536013,
        "nauc_map_at_1000_std": 0.206863,
        "nauc_map_at_1000_diff1": 0.31187,
        "nauc_recall_at_1_max": 0.494573,
        "nauc_recall_at_1_std": 0.144482,
        "nauc_recall_at_1_diff1": 0.32491,
        "nauc_recall_at_3_max": 0.484718,
        "nauc_recall_at_3_std": 0.106851,
        "nauc_recall_at_3_diff1": 0.282149,
        "nauc_recall_at_5_max": 0.51575,
        "nauc_recall_at_5_std": 0.217581,
        "nauc_recall_at_5_diff1": 0.396834,
        "nauc_recall_at_10_max": 0.477932,
        "nauc_recall_at_10_std": 0.130646,
        "nauc_recall_at_10_diff1": 0.294709,
        "nauc_recall_at_20_max": 0.415779,
        "nauc_recall_at_20_std": 0.18123,
        "nauc_recall_at_20_diff1": 0.217335,
        "nauc_recall_at_100_max": 0.293505,
        "nauc_recall_at_100_std": 0.14666,
        "nauc_recall_at_100_diff1": -0.090254,
        "nauc_recall_at_1000_max": NaN,
        "nauc_recall_at_1000_std": NaN,
        "nauc_recall_at_1000_diff1": NaN,
        "nauc_precision_at_1_max": 0.531486,
        "nauc_precision_at_1_std": 0.25079,
        "nauc_precision_at_1_diff1": 0.291556,
        "nauc_precision_at_3_max": 0.453213,
        "nauc_precision_at_3_std": 0.256563,
        "nauc_precision_at_3_diff1": 0.177206,
        "nauc_precision_at_5_max": 0.362551,
        "nauc_precision_at_5_std": 0.265205,
        "nauc_precision_at_5_diff1": 0.243607,
        "nauc_precision_at_10_max": 0.254068,
        "nauc_precision_at_10_std": 0.144707,
        "nauc_precision_at_10_diff1": 0.071345,
        "nauc_precision_at_20_max": 0.150519,
        "nauc_precision_at_20_std": 0.146183,
        "nauc_precision_at_20_diff1": 0.020906,
        "nauc_precision_at_100_max": -0.05508,
        "nauc_precision_at_100_std": -0.001681,
        "nauc_precision_at_100_diff1": -0.144088,
        "nauc_precision_at_1000_max": -0.105549,
        "nauc_precision_at_1000_std": -0.07277,
        "nauc_precision_at_1000_diff1": 0.006552,
        "nauc_mrr_at_1_max": 0.531486,
        "nauc_mrr_at_1_std": 0.25079,
        "nauc_mrr_at_1_diff1": 0.291556,
        "nauc_mrr_at_3_max": 0.497576,
        "nauc_mrr_at_3_std": 0.187079,
        "nauc_mrr_at_3_diff1": 0.262204,
        "nauc_mrr_at_5_max": 0.488056,
        "nauc_mrr_at_5_std": 0.203341,
        "nauc_mrr_at_5_diff1": 0.292785,
        "nauc_mrr_at_10_max": 0.488768,
        "nauc_mrr_at_10_std": 0.184536,
        "nauc_mrr_at_10_diff1": 0.281591,
        "nauc_mrr_at_20_max": 0.491,
        "nauc_mrr_at_20_std": 0.193121,
        "nauc_mrr_at_20_diff1": 0.27875,
        "nauc_mrr_at_100_max": 0.490754,
        "nauc_mrr_at_100_std": 0.194463,
        "nauc_mrr_at_100_diff1": 0.276121,
        "nauc_mrr_at_1000_max": 0.49169,
        "nauc_mrr_at_1000_std": 0.194882,
        "nauc_mrr_at_1000_diff1": 0.276987,
        "cv_recall_at_1": 0.30769,
        "cv_recall_at_3": 0.48077,
        "cv_recall_at_5": 0.59615,
        "cv_recall_at_10": 0.71154,
        "cv_recall_at_20": 0.80769,
        "cv_recall_at_100": 0.90385,
        "cv_recall_at_1000": 1.0,
        "main_score": 0.39146,
        "hf_subset": "default",
        "languages": [
          "eng-Latn"
        ]
      }
    ]
  },
  "evaluation_time": 1154.7013854980469,
  "kg_co2_emissions": null
}