{
  "dataset_revision": "61a2224bcd29b7b261a4892ff4c8bea353527a31",
  "task_name": "VidoreTabfquadRetrieval",
  "mteb_version": "2.7.26",
  "scores": {
    "test": [
      {
        "ndcg_at_1": 0.52143,
        "ndcg_at_3": 0.5974,
        "ndcg_at_5": 0.62076,
        "ndcg_at_10": 0.64513,
        "ndcg_at_20": 0.66328,
        "ndcg_at_100": 0.68981,
        "ndcg_at_1000": 0.68981,
        "map_at_1": 0.52143,
        "map_at_3": 0.57917,
        "map_at_5": 0.59202,
        "map_at_10": 0.60214,
        "map_at_20": 0.60718,
        "map_at_100": 0.61052,
        "map_at_1000": 0.61052,
        "recall_at_1": 0.52143,
        "recall_at_3": 0.65,
        "recall_at_5": 0.70714,
        "recall_at_10": 0.78214,
        "recall_at_20": 0.85357,
        "recall_at_100": 1.0,
        "recall_at_1000": 1.0,
        "accuracy": 0.52143,
        "precision_at_1": 0.52143,
        "precision_at_3": 0.21667,
        "precision_at_5": 0.14143,
        "precision_at_10": 0.07821,
        "precision_at_20": 0.04268,
        "precision_at_100": 0.01,
        "precision_at_1000": 0.001,
        "mrr_at_1": 0.521429,
        "mrr_at_3": 0.579167,
        "mrr_at_5": 0.592024,
        "mrr_at_10": 0.602144,
        "mrr_at_20": 0.607184,
        "mrr_at_100": 0.610521,
        "mrr_at_1000": 0.610521,
        "nauc_ndcg_at_1_max": 0.183786,
        "nauc_ndcg_at_1_std": 0.094576,
        "nauc_ndcg_at_1_diff1": 0.800655,
        "nauc_ndcg_at_3_max": 0.23217,
        "nauc_ndcg_at_3_std": 0.124491,
        "nauc_ndcg_at_3_diff1": 0.756055,
        "nauc_ndcg_at_5_max": 0.196453,
        "nauc_ndcg_at_5_std": 0.119357,
        "nauc_ndcg_at_5_diff1": 0.73239,
        "nauc_ndcg_at_10_max": 0.199511,
        "nauc_ndcg_at_10_std": 0.118037,
        "nauc_ndcg_at_10_diff1": 0.732645,
        "nauc_ndcg_at_20_max": 0.189657,
        "nauc_ndcg_at_20_std": 0.117771,
        "nauc_ndcg_at_20_diff1": 0.734618,
        "nauc_ndcg_at_100_max": 0.197034,
        "nauc_ndcg_at_100_std": 0.112886,
        "nauc_ndcg_at_100_diff1": 0.747975,
        "nauc_ndcg_at_1000_max": 0.197034,
        "nauc_ndcg_at_1000_std": 0.112886,
        "nauc_ndcg_at_1000_diff1": 0.747975,
        "nauc_map_at_1_max": 0.183786,
        "nauc_map_at_1_std": 0.094576,
        "nauc_map_at_1_diff1": 0.800655,
        "nauc_map_at_3_max": 0.219833,
        "nauc_map_at_3_std": 0.118715,
        "nauc_map_at_3_diff1": 0.768413,
        "nauc_map_at_5_max": 0.200598,
        "nauc_map_at_5_std": 0.115666,
        "nauc_map_at_5_diff1": 0.756181,
        "nauc_map_at_10_max": 0.201872,
        "nauc_map_at_10_std": 0.115355,
        "nauc_map_at_10_diff1": 0.756768,
        "nauc_map_at_20_max": 0.199265,
        "nauc_map_at_20_std": 0.114551,
        "nauc_map_at_20_diff1": 0.757314,
        "nauc_map_at_100_max": 0.199638,
        "nauc_map_at_100_std": 0.113177,
        "nauc_map_at_100_diff1": 0.758393,
        "nauc_map_at_1000_max": 0.199638,
        "nauc_map_at_1000_std": 0.113177,
        "nauc_map_at_1000_diff1": 0.758393,
        "nauc_recall_at_1_max": 0.183786,
        "nauc_recall_at_1_std": 0.094576,
        "nauc_recall_at_1_diff1": 0.800655,
        "nauc_recall_at_3_max": 0.271584,
        "nauc_recall_at_3_std": 0.142078,
        "nauc_recall_at_3_diff1": 0.716111,
        "nauc_recall_at_5_max": 0.175437,
        "nauc_recall_at_5_std": 0.130765,
        "nauc_recall_at_5_diff1": 0.643724,
        "nauc_recall_at_10_max": 0.182666,
        "nauc_recall_at_10_std": 0.125685,
        "nauc_recall_at_10_diff1": 0.621284,
        "nauc_recall_at_20_max": 0.105949,
        "nauc_recall_at_20_std": 0.13782,
        "nauc_recall_at_20_diff1": 0.59287,
        "nauc_recall_at_100_max": NaN,
        "nauc_recall_at_100_std": NaN,
        "nauc_recall_at_100_diff1": NaN,
        "nauc_recall_at_1000_max": NaN,
        "nauc_recall_at_1000_std": NaN,
        "nauc_recall_at_1000_diff1": NaN,
        "nauc_precision_at_1_max": 0.183786,
        "nauc_precision_at_1_std": 0.094576,
        "nauc_precision_at_1_diff1": 0.800655,
        "nauc_precision_at_3_max": 0.271584,
        "nauc_precision_at_3_std": 0.142078,
        "nauc_precision_at_3_diff1": 0.716111,
        "nauc_precision_at_5_max": 0.175437,
        "nauc_precision_at_5_std": 0.130765,
        "nauc_precision_at_5_diff1": 0.643724,
        "nauc_precision_at_10_max": 0.182666,
        "nauc_precision_at_10_std": 0.125685,
        "nauc_precision_at_10_diff1": 0.621284,
        "nauc_precision_at_20_max": 0.105949,
        "nauc_precision_at_20_std": 0.13782,
        "nauc_precision_at_20_diff1": 0.59287,
        "nauc_precision_at_100_max": 1.0,
        "nauc_precision_at_100_std": 1.0,
        "nauc_precision_at_100_diff1": 1.0,
        "nauc_precision_at_1000_max": NaN,
        "nauc_precision_at_1000_std": NaN,
        "nauc_precision_at_1000_diff1": NaN,
        "nauc_mrr_at_1_max": 0.183786,
        "nauc_mrr_at_1_std": 0.094576,
        "nauc_mrr_at_1_diff1": 0.800655,
        "nauc_mrr_at_3_max": 0.219833,
        "nauc_mrr_at_3_std": 0.118715,
        "nauc_mrr_at_3_diff1": 0.768413,
        "nauc_mrr_at_5_max": 0.200598,
        "nauc_mrr_at_5_std": 0.115666,
        "nauc_mrr_at_5_diff1": 0.756181,
        "nauc_mrr_at_10_max": 0.201872,
        "nauc_mrr_at_10_std": 0.115355,
        "nauc_mrr_at_10_diff1": 0.756768,
        "nauc_mrr_at_20_max": 0.199265,
        "nauc_mrr_at_20_std": 0.114551,
        "nauc_mrr_at_20_diff1": 0.757314,
        "nauc_mrr_at_100_max": 0.199638,
        "nauc_mrr_at_100_std": 0.113177,
        "nauc_mrr_at_100_diff1": 0.758393,
        "nauc_mrr_at_1000_max": 0.199638,
        "nauc_mrr_at_1000_std": 0.113177,
        "nauc_mrr_at_1000_diff1": 0.758393,
        "cv_recall_at_1": 0.52143,
        "cv_recall_at_3": 0.65,
        "cv_recall_at_5": 0.70714,
        "cv_recall_at_10": 0.78214,
        "cv_recall_at_20": 0.85357,
        "cv_recall_at_100": 1.0,
        "cv_recall_at_1000": 1.0,
        "main_score": 0.62076,
        "hf_subset": "default",
        "languages": [
          "eng-Latn"
        ]
      }
    ]
  },
  "evaluation_time": 68.64538860321045,
  "kg_co2_emissions": null
}