{
  "dataset_revision": "b802cc5fd6c605df2d673a963667d74881d2c9a4",
  "task_name": "VidoreInfoVQARetrieval",
  "mteb_version": "2.7.26",
  "scores": {
    "test": [
      {
        "ndcg_at_1": 0.76518,
        "ndcg_at_3": 0.81538,
        "ndcg_at_5": 0.82452,
        "ndcg_at_10": 0.83661,
        "ndcg_at_20": 0.84551,
        "ndcg_at_100": 0.85238,
        "ndcg_at_1000": 0.85519,
        "map_at_1": 0.76417,
        "map_at_3": 0.80331,
        "map_at_5": 0.80837,
        "map_at_10": 0.81353,
        "map_at_20": 0.81605,
        "map_at_100": 0.817,
        "map_at_1000": 0.81713,
        "recall_at_1": 0.76417,
        "recall_at_3": 0.8502,
        "recall_at_5": 0.87247,
        "recall_at_10": 0.90891,
        "recall_at_20": 0.94271,
        "recall_at_100": 0.97955,
        "recall_at_1000": 1.0,
        "accuracy": 0.76417,
        "precision_at_1": 0.76518,
        "precision_at_3": 0.28408,
        "precision_at_5": 0.1749,
        "precision_at_10": 0.09109,
        "precision_at_20": 0.04737,
        "precision_at_100": 0.00986,
        "precision_at_1000": 0.00101,
        "mrr_at_1": 0.765182,
        "mrr_at_3": 0.803306,
        "mrr_at_5": 0.808367,
        "mrr_at_10": 0.81353,
        "mrr_at_20": 0.816254,
        "mrr_at_100": 0.817184,
        "mrr_at_1000": 0.817278,
        "nauc_ndcg_at_1_max": 0.539458,
        "nauc_ndcg_at_1_std": -0.025077,
        "nauc_ndcg_at_1_diff1": 0.889357,
        "nauc_ndcg_at_3_max": 0.565389,
        "nauc_ndcg_at_3_std": -0.021295,
        "nauc_ndcg_at_3_diff1": 0.850939,
        "nauc_ndcg_at_5_max": 0.563988,
        "nauc_ndcg_at_5_std": -0.013028,
        "nauc_ndcg_at_5_diff1": 0.85139,
        "nauc_ndcg_at_10_max": 0.56759,
        "nauc_ndcg_at_10_std": 0.005888,
        "nauc_ndcg_at_10_diff1": 0.853067,
        "nauc_ndcg_at_20_max": 0.582573,
        "nauc_ndcg_at_20_std": 0.030523,
        "nauc_ndcg_at_20_diff1": 0.854747,
        "nauc_ndcg_at_100_max": 0.573904,
        "nauc_ndcg_at_100_std": 0.019434,
        "nauc_ndcg_at_100_diff1": 0.857923,
        "nauc_ndcg_at_1000_max": 0.568733,
        "nauc_ndcg_at_1000_std": 0.00617,
        "nauc_ndcg_at_1000_diff1": 0.859064,
        "nauc_map_at_1_max": 0.539307,
        "nauc_map_at_1_std": -0.030464,
        "nauc_map_at_1_diff1": 0.891059,
        "nauc_map_at_3_max": 0.559369,
        "nauc_map_at_3_std": -0.02142,
        "nauc_map_at_3_diff1": 0.860587,
        "nauc_map_at_5_max": 0.558724,
        "nauc_map_at_5_std": -0.017483,
        "nauc_map_at_5_diff1": 0.861022,
        "nauc_map_at_10_max": 0.560262,
        "nauc_map_at_10_std": -0.010148,
        "nauc_map_at_10_diff1": 0.861946,
        "nauc_map_at_20_max": 0.564322,
        "nauc_map_at_20_std": -0.003753,
        "nauc_map_at_20_diff1": 0.862584,
        "nauc_map_at_100_max": 0.563056,
        "nauc_map_at_100_std": -0.005099,
        "nauc_map_at_100_diff1": 0.862931,
        "nauc_map_at_1000_max": 0.562845,
        "nauc_map_at_1000_std": -0.005591,
        "nauc_map_at_1000_diff1": 0.862974,
        "nauc_recall_at_1_max": 0.539307,
        "nauc_recall_at_1_std": -0.030464,
        "nauc_recall_at_1_diff1": 0.891059,
        "nauc_recall_at_3_max": 0.586729,
        "nauc_recall_at_3_std": -0.021333,
        "nauc_recall_at_3_diff1": 0.81628,
        "nauc_recall_at_5_max": 0.584242,
        "nauc_recall_at_5_std": 0.006968,
        "nauc_recall_at_5_diff1": 0.812523,
        "nauc_recall_at_10_max": 0.606669,
        "nauc_recall_at_10_std": 0.106851,
        "nauc_recall_at_10_diff1": 0.806732,
        "nauc_recall_at_20_max": 0.767643,
        "nauc_recall_at_20_std": 0.397727,
        "nauc_recall_at_20_diff1": 0.792927,
        "nauc_recall_at_100_max": 0.812261,
        "nauc_recall_at_100_std": 0.649983,
        "nauc_recall_at_100_diff1": 0.802207,
        "nauc_recall_at_1000_max": NaN,
        "nauc_recall_at_1000_std": NaN,
        "nauc_recall_at_1000_diff1": NaN,
        "nauc_precision_at_1_max": 0.539458,
        "nauc_precision_at_1_std": -0.025077,
        "nauc_precision_at_1_diff1": 0.889357,
        "nauc_precision_at_3_max": 0.567675,
        "nauc_precision_at_3_std": -0.004945,
        "nauc_precision_at_3_diff1": 0.782845,
        "nauc_precision_at_5_max": 0.562361,
        "nauc_precision_at_5_std": 0.025063,
        "nauc_precision_at_5_diff1": 0.774111,
        "nauc_precision_at_10_max": 0.576381,
        "nauc_precision_at_10_std": 0.12748,
        "nauc_precision_at_10_diff1": 0.755246,
        "nauc_precision_at_20_max": 0.702946,
        "nauc_precision_at_20_std": 0.406758,
        "nauc_precision_at_20_diff1": 0.709137,
        "nauc_precision_at_100_max": 0.47126,
        "nauc_precision_at_100_std": 0.496575,
        "nauc_precision_at_100_diff1": 0.428446,
        "nauc_precision_at_1000_max": -0.485596,
        "nauc_precision_at_1000_std": -0.256029,
        "nauc_precision_at_1000_diff1": -0.497032,
        "nauc_mrr_at_1_max": 0.539458,
        "nauc_mrr_at_1_std": -0.025077,
        "nauc_mrr_at_1_diff1": 0.889357,
        "nauc_mrr_at_3_max": 0.559369,
        "nauc_mrr_at_3_std": -0.02142,
        "nauc_mrr_at_3_diff1": 0.860587,
        "nauc_mrr_at_5_max": 0.558724,
        "nauc_mrr_at_5_std": -0.017483,
        "nauc_mrr_at_5_diff1": 0.861022,
        "nauc_mrr_at_10_max": 0.560262,
        "nauc_mrr_at_10_std": -0.010148,
        "nauc_mrr_at_10_diff1": 0.861946,
        "nauc_mrr_at_20_max": 0.563913,
        "nauc_mrr_at_20_std": -0.004485,
        "nauc_mrr_at_20_diff1": 0.862634,
        "nauc_mrr_at_100_max": 0.562691,
        "nauc_mrr_at_100_std": -0.005724,
        "nauc_mrr_at_100_diff1": 0.862983,
        "nauc_mrr_at_1000_max": 0.562547,
        "nauc_mrr_at_1000_std": -0.006098,
        "nauc_mrr_at_1000_diff1": 0.863018,
        "cv_recall_at_1": 0.76518,
        "cv_recall_at_3": 0.8502,
        "cv_recall_at_5": 0.87247,
        "cv_recall_at_10": 0.90891,
        "cv_recall_at_20": 0.94534,
        "cv_recall_at_100": 0.98178,
        "cv_recall_at_1000": 1.0,
        "main_score": 0.82452,
        "hf_subset": "default",
        "languages": [
          "eng-Latn"
        ]
      }
    ]
  },
  "evaluation_time": 430.0977358818054,
  "kg_co2_emissions": null
}