{
  "dataset_revision": "b4909afa930f81282fd20601e860668073ad02aa",
  "task_name": "VidoreSyntheticDocQAGovernmentReportsRetrieval",
  "mteb_version": "2.7.26",
  "scores": {
    "test": [
      {
        "ndcg_at_1": 0.85,
        "ndcg_at_3": 0.92178,
        "ndcg_at_5": 0.92609,
        "ndcg_at_10": 0.93266,
        "ndcg_at_20": 0.93266,
        "ndcg_at_100": 0.93266,
        "ndcg_at_1000": 0.93266,
        "map_at_1": 0.85,
        "map_at_3": 0.905,
        "map_at_5": 0.9075,
        "map_at_10": 0.91028,
        "map_at_20": 0.91028,
        "map_at_100": 0.91028,
        "map_at_1000": 0.91028,
        "recall_at_1": 0.85,
        "recall_at_3": 0.97,
        "recall_at_5": 0.98,
        "recall_at_10": 1.0,
        "recall_at_20": 1.0,
        "recall_at_100": 1.0,
        "recall_at_1000": 1.0,
        "accuracy": 0.85,
        "precision_at_1": 0.85,
        "precision_at_3": 0.32333,
        "precision_at_5": 0.196,
        "precision_at_10": 0.1,
        "precision_at_20": 0.05,
        "precision_at_100": 0.01,
        "precision_at_1000": 0.001,
        "mrr_at_1": 0.85,
        "mrr_at_3": 0.905,
        "mrr_at_5": 0.9075,
        "mrr_at_10": 0.910278,
        "mrr_at_20": 0.910278,
        "mrr_at_100": 0.910278,
        "mrr_at_1000": 0.910278,
        "nauc_ndcg_at_1_max": 0.387732,
        "nauc_ndcg_at_1_std": -0.304458,
        "nauc_ndcg_at_1_diff1": 0.822974,
        "nauc_ndcg_at_3_max": 0.520929,
        "nauc_ndcg_at_3_std": -0.112329,
        "nauc_ndcg_at_3_diff1": 0.795077,
        "nauc_ndcg_at_5_max": 0.492071,
        "nauc_ndcg_at_5_std": -0.152476,
        "nauc_ndcg_at_5_diff1": 0.809589,
        "nauc_ndcg_at_10_max": 0.461954,
        "nauc_ndcg_at_10_std": -0.183361,
        "nauc_ndcg_at_10_diff1": 0.810986,
        "nauc_ndcg_at_20_max": 0.461954,
        "nauc_ndcg_at_20_std": -0.183361,
        "nauc_ndcg_at_20_diff1": 0.810986,
        "nauc_ndcg_at_100_max": 0.461954,
        "nauc_ndcg_at_100_std": -0.183361,
        "nauc_ndcg_at_100_diff1": 0.810986,
        "nauc_ndcg_at_1000_max": 0.461954,
        "nauc_ndcg_at_1000_std": -0.183361,
        "nauc_ndcg_at_1000_diff1": 0.810986,
        "nauc_map_at_1_max": 0.387732,
        "nauc_map_at_1_std": -0.304458,
        "nauc_map_at_1_diff1": 0.822974,
        "nauc_map_at_3_max": 0.480644,
        "nauc_map_at_3_std": -0.165276,
        "nauc_map_at_3_diff1": 0.805546,
        "nauc_map_at_5_max": 0.466093,
        "nauc_map_at_5_std": -0.185432,
        "nauc_map_at_5_diff1": 0.812589,
        "nauc_map_at_10_max": 0.455973,
        "nauc_map_at_10_std": -0.193379,
        "nauc_map_at_10_diff1": 0.812297,
        "nauc_map_at_20_max": 0.455973,
        "nauc_map_at_20_std": -0.193379,
        "nauc_map_at_20_diff1": 0.812297,
        "nauc_map_at_100_max": 0.455973,
        "nauc_map_at_100_std": -0.193379,
        "nauc_map_at_100_diff1": 0.812297,
        "nauc_map_at_1000_max": 0.455973,
        "nauc_map_at_1000_std": -0.193379,
        "nauc_map_at_1000_diff1": 0.812297,
        "nauc_recall_at_1_max": 0.387732,
        "nauc_recall_at_1_std": -0.304458,
        "nauc_recall_at_1_diff1": 0.822974,
        "nauc_recall_at_3_max": 0.863834,
        "nauc_recall_at_3_std": 0.330221,
        "nauc_recall_at_3_diff1": 0.70277,
        "nauc_recall_at_5_max": 0.795752,
        "nauc_recall_at_5_std": 0.218254,
        "nauc_recall_at_5_diff1": 0.777077,
        "nauc_recall_at_10_max": NaN,
        "nauc_recall_at_10_std": NaN,
        "nauc_recall_at_10_diff1": NaN,
        "nauc_recall_at_20_max": NaN,
        "nauc_recall_at_20_std": NaN,
        "nauc_recall_at_20_diff1": NaN,
        "nauc_recall_at_100_max": NaN,
        "nauc_recall_at_100_std": NaN,
        "nauc_recall_at_100_diff1": NaN,
        "nauc_recall_at_1000_max": NaN,
        "nauc_recall_at_1000_std": NaN,
        "nauc_recall_at_1000_diff1": NaN,
        "nauc_precision_at_1_max": 0.387732,
        "nauc_precision_at_1_std": -0.304458,
        "nauc_precision_at_1_diff1": 0.822974,
        "nauc_precision_at_3_max": 0.863834,
        "nauc_precision_at_3_std": 0.330221,
        "nauc_precision_at_3_diff1": 0.70277,
        "nauc_precision_at_5_max": 0.795752,
        "nauc_precision_at_5_std": 0.218254,
        "nauc_precision_at_5_diff1": 0.777077,
        "nauc_precision_at_10_max": 1.0,
        "nauc_precision_at_10_std": 1.0,
        "nauc_precision_at_10_diff1": 1.0,
        "nauc_precision_at_20_max": 1.0,
        "nauc_precision_at_20_std": 1.0,
        "nauc_precision_at_20_diff1": 1.0,
        "nauc_precision_at_100_max": NaN,
        "nauc_precision_at_100_std": NaN,
        "nauc_precision_at_100_diff1": NaN,
        "nauc_precision_at_1000_max": NaN,
        "nauc_precision_at_1000_std": NaN,
        "nauc_precision_at_1000_diff1": NaN,
        "nauc_mrr_at_1_max": 0.387732,
        "nauc_mrr_at_1_std": -0.304458,
        "nauc_mrr_at_1_diff1": 0.822974,
        "nauc_mrr_at_3_max": 0.480644,
        "nauc_mrr_at_3_std": -0.165276,
        "nauc_mrr_at_3_diff1": 0.805546,
        "nauc_mrr_at_5_max": 0.466093,
        "nauc_mrr_at_5_std": -0.185432,
        "nauc_mrr_at_5_diff1": 0.812589,
        "nauc_mrr_at_10_max": 0.455973,
        "nauc_mrr_at_10_std": -0.193379,
        "nauc_mrr_at_10_diff1": 0.812297,
        "nauc_mrr_at_20_max": 0.455973,
        "nauc_mrr_at_20_std": -0.193379,
        "nauc_mrr_at_20_diff1": 0.812297,
        "nauc_mrr_at_100_max": 0.455973,
        "nauc_mrr_at_100_std": -0.193379,
        "nauc_mrr_at_100_diff1": 0.812297,
        "nauc_mrr_at_1000_max": 0.455973,
        "nauc_mrr_at_1000_std": -0.193379,
        "nauc_mrr_at_1000_diff1": 0.812297,
        "cv_recall_at_1": 0.85,
        "cv_recall_at_3": 0.97,
        "cv_recall_at_5": 0.98,
        "cv_recall_at_10": 1.0,
        "cv_recall_at_20": 1.0,
        "cv_recall_at_100": 1.0,
        "cv_recall_at_1000": 1.0,
        "main_score": 0.92609,
        "hf_subset": "default",
        "languages": [
          "eng-Latn"
        ]
      }
    ]
  },
  "evaluation_time": 731.4219701290131,
  "kg_co2_emissions": null
}