{
  "dataset_revision": "7d94d570960eac2408d3baa7a33f9de4822ae3e4",
  "task_name": "VidoreArxivQARetrieval",
  "mteb_version": "2.7.26",
  "scores": {
    "test": [
      {
        "ndcg_at_1": 0.65,
        "ndcg_at_3": 0.70607,
        "ndcg_at_5": 0.71984,
        "ndcg_at_10": 0.73537,
        "ndcg_at_20": 0.74908,
        "ndcg_at_100": 0.76394,
        "ndcg_at_1000": 0.76883,
        "map_at_1": 0.65,
        "map_at_3": 0.69167,
        "map_at_5": 0.69917,
        "map_at_10": 0.70558,
        "map_at_20": 0.70939,
        "map_at_100": 0.71143,
        "map_at_1000": 0.71166,
        "recall_at_1": 0.65,
        "recall_at_3": 0.748,
        "recall_at_5": 0.782,
        "recall_at_10": 0.83,
        "recall_at_20": 0.884,
        "recall_at_100": 0.964,
        "recall_at_1000": 1.0,
        "accuracy": 0.65,
        "precision_at_1": 0.65,
        "precision_at_3": 0.24933,
        "precision_at_5": 0.1564,
        "precision_at_10": 0.083,
        "precision_at_20": 0.0442,
        "precision_at_100": 0.00964,
        "precision_at_1000": 0.001,
        "mrr_at_1": 0.65,
        "mrr_at_3": 0.691667,
        "mrr_at_5": 0.699167,
        "mrr_at_10": 0.705584,
        "mrr_at_20": 0.709389,
        "mrr_at_100": 0.711435,
        "mrr_at_1000": 0.711664,
        "nauc_ndcg_at_1_max": 0.592331,
        "nauc_ndcg_at_1_std": -0.117787,
        "nauc_ndcg_at_1_diff1": 0.91405,
        "nauc_ndcg_at_3_max": 0.621213,
        "nauc_ndcg_at_3_std": -0.078595,
        "nauc_ndcg_at_3_diff1": 0.876897,
        "nauc_ndcg_at_5_max": 0.618449,
        "nauc_ndcg_at_5_std": -0.074673,
        "nauc_ndcg_at_5_diff1": 0.869464,
        "nauc_ndcg_at_10_max": 0.634112,
        "nauc_ndcg_at_10_std": -0.053021,
        "nauc_ndcg_at_10_diff1": 0.872709,
        "nauc_ndcg_at_20_max": 0.634926,
        "nauc_ndcg_at_20_std": -0.077022,
        "nauc_ndcg_at_20_diff1": 0.870968,
        "nauc_ndcg_at_100_max": 0.628603,
        "nauc_ndcg_at_100_std": -0.077652,
        "nauc_ndcg_at_100_diff1": 0.875716,
        "nauc_ndcg_at_1000_max": 0.623902,
        "nauc_ndcg_at_1000_std": -0.077106,
        "nauc_ndcg_at_1000_diff1": 0.877563,
        "nauc_map_at_1_max": 0.592331,
        "nauc_map_at_1_std": -0.117787,
        "nauc_map_at_1_diff1": 0.91405,
        "nauc_map_at_3_max": 0.612371,
        "nauc_map_at_3_std": -0.090966,
        "nauc_map_at_3_diff1": 0.885706,
        "nauc_map_at_5_max": 0.610952,
        "nauc_map_at_5_std": -0.088883,
        "nauc_map_at_5_diff1": 0.882102,
        "nauc_map_at_10_max": 0.617567,
        "nauc_map_at_10_std": -0.080514,
        "nauc_map_at_10_diff1": 0.883472,
        "nauc_map_at_20_max": 0.617535,
        "nauc_map_at_20_std": -0.086684,
        "nauc_map_at_20_diff1": 0.883051,
        "nauc_map_at_100_max": 0.616647,
        "nauc_map_at_100_std": -0.086077,
        "nauc_map_at_100_diff1": 0.883522,
        "nauc_map_at_1000_max": 0.616479,
        "nauc_map_at_1000_std": -0.085901,
        "nauc_map_at_1000_diff1": 0.883569,
        "nauc_recall_at_1_max": 0.592331,
        "nauc_recall_at_1_std": -0.117787,
        "nauc_recall_at_1_diff1": 0.91405,
        "nauc_recall_at_3_max": 0.651446,
        "nauc_recall_at_3_std": -0.036141,
        "nauc_recall_at_3_diff1": 0.847843,
        "nauc_recall_at_5_max": 0.645886,
        "nauc_recall_at_5_std": -0.020932,
        "nauc_recall_at_5_diff1": 0.821869,
        "nauc_recall_at_10_max": 0.714593,
        "nauc_recall_at_10_std": 0.0837,
        "nauc_recall_at_10_diff1": 0.825431,
        "nauc_recall_at_20_max": 0.754213,
        "nauc_recall_at_20_std": -0.041223,
        "nauc_recall_at_20_diff1": 0.795215,
        "nauc_recall_at_100_max": 0.825189,
        "nauc_recall_at_100_std": -0.05221,
        "nauc_recall_at_100_diff1": 0.791628,
        "nauc_recall_at_1000_max": NaN,
        "nauc_recall_at_1000_std": NaN,
        "nauc_recall_at_1000_diff1": NaN,
        "nauc_precision_at_1_max": 0.592331,
        "nauc_precision_at_1_std": -0.117787,
        "nauc_precision_at_1_diff1": 0.91405,
        "nauc_precision_at_3_max": 0.651446,
        "nauc_precision_at_3_std": -0.036141,
        "nauc_precision_at_3_diff1": 0.847843,
        "nauc_precision_at_5_max": 0.645886,
        "nauc_precision_at_5_std": -0.020932,
        "nauc_precision_at_5_diff1": 0.821869,
        "nauc_precision_at_10_max": 0.714593,
        "nauc_precision_at_10_std": 0.0837,
        "nauc_precision_at_10_diff1": 0.825431,
        "nauc_precision_at_20_max": 0.754213,
        "nauc_precision_at_20_std": -0.041223,
        "nauc_precision_at_20_diff1": 0.795215,
        "nauc_precision_at_100_max": 0.825189,
        "nauc_precision_at_100_std": -0.05221,
        "nauc_precision_at_100_diff1": 0.791628,
        "nauc_precision_at_1000_max": 1.0,
        "nauc_precision_at_1000_std": 1.0,
        "nauc_precision_at_1000_diff1": 1.0,
        "nauc_mrr_at_1_max": 0.592331,
        "nauc_mrr_at_1_std": -0.117787,
        "nauc_mrr_at_1_diff1": 0.91405,
        "nauc_mrr_at_3_max": 0.612371,
        "nauc_mrr_at_3_std": -0.090966,
        "nauc_mrr_at_3_diff1": 0.885706,
        "nauc_mrr_at_5_max": 0.610952,
        "nauc_mrr_at_5_std": -0.088883,
        "nauc_mrr_at_5_diff1": 0.882102,
        "nauc_mrr_at_10_max": 0.617567,
        "nauc_mrr_at_10_std": -0.080514,
        "nauc_mrr_at_10_diff1": 0.883472,
        "nauc_mrr_at_20_max": 0.617535,
        "nauc_mrr_at_20_std": -0.086684,
        "nauc_mrr_at_20_diff1": 0.883051,
        "nauc_mrr_at_100_max": 0.616647,
        "nauc_mrr_at_100_std": -0.086077,
        "nauc_mrr_at_100_diff1": 0.883522,
        "nauc_mrr_at_1000_max": 0.616479,
        "nauc_mrr_at_1000_std": -0.085901,
        "nauc_mrr_at_1000_diff1": 0.883569,
        "cv_recall_at_1": 0.65,
        "cv_recall_at_3": 0.748,
        "cv_recall_at_5": 0.782,
        "cv_recall_at_10": 0.83,
        "cv_recall_at_20": 0.884,
        "cv_recall_at_100": 0.964,
        "cv_recall_at_1000": 1.0,
        "main_score": 0.71984,
        "hf_subset": "default",
        "languages": [
          "eng-Latn"
        ]
      }
    ]
  },
  "evaluation_time": 354.4799518585205,
  "kg_co2_emissions": null
}