{
  "dataset_revision": "162ba2fc1a8437eda8b6c37b240bc1c0f0deb092",
  "task_name": "VidoreDocVQARetrieval",
  "mteb_version": "2.7.26",
  "scores": {
    "test": [
      {
        "ndcg_at_1": 0.45676,
        "ndcg_at_3": 0.53275,
        "ndcg_at_5": 0.5573,
        "ndcg_at_10": 0.57647,
        "ndcg_at_20": 0.59379,
        "ndcg_at_100": 0.61424,
        "ndcg_at_1000": 0.6316,
        "map_at_1": 0.45565,
        "map_at_3": 0.51334,
        "map_at_5": 0.52735,
        "map_at_10": 0.53564,
        "map_at_20": 0.54068,
        "map_at_100": 0.54368,
        "map_at_1000": 0.5444,
        "recall_at_1": 0.45565,
        "recall_at_3": 0.58581,
        "recall_at_5": 0.6442,
        "recall_at_10": 0.70133,
        "recall_at_20": 0.76663,
        "recall_at_100": 0.87238,
        "recall_at_1000": 1.0,
        "accuracy": 0.45565,
        "precision_at_1": 0.45676,
        "precision_at_3": 0.1966,
        "precision_at_5": 0.13082,
        "precision_at_10": 0.07206,
        "precision_at_20": 0.0398,
        "precision_at_100": 0.00925,
        "precision_at_1000": 0.00111,
        "mrr_at_1": 0.456763,
        "mrr_at_3": 0.515891,
        "mrr_at_5": 0.529749,
        "mrr_at_10": 0.537334,
        "mrr_at_20": 0.54234,
        "mrr_at_100": 0.545123,
        "mrr_at_1000": 0.545685,
        "nauc_ndcg_at_1_max": 0.234176,
        "nauc_ndcg_at_1_std": 0.321596,
        "nauc_ndcg_at_1_diff1": 0.855763,
        "nauc_ndcg_at_3_max": 0.212006,
        "nauc_ndcg_at_3_std": 0.344557,
        "nauc_ndcg_at_3_diff1": 0.803141,
        "nauc_ndcg_at_5_max": 0.198328,
        "nauc_ndcg_at_5_std": 0.384169,
        "nauc_ndcg_at_5_diff1": 0.795568,
        "nauc_ndcg_at_10_max": 0.181875,
        "nauc_ndcg_at_10_std": 0.397824,
        "nauc_ndcg_at_10_diff1": 0.795203,
        "nauc_ndcg_at_20_max": 0.168502,
        "nauc_ndcg_at_20_std": 0.398587,
        "nauc_ndcg_at_20_diff1": 0.800651,
        "nauc_ndcg_at_100_max": 0.174369,
        "nauc_ndcg_at_100_std": 0.407183,
        "nauc_ndcg_at_100_diff1": 0.804888,
        "nauc_ndcg_at_1000_max": 0.184013,
        "nauc_ndcg_at_1000_std": 0.382281,
        "nauc_ndcg_at_1000_diff1": 0.805929,
        "nauc_map_at_1_max": 0.232325,
        "nauc_map_at_1_std": 0.317876,
        "nauc_map_at_1_diff1": 0.857686,
        "nauc_map_at_3_max": 0.217739,
        "nauc_map_at_3_std": 0.33772,
        "nauc_map_at_3_diff1": 0.817973,
        "nauc_map_at_5_max": 0.210348,
        "nauc_map_at_5_std": 0.359858,
        "nauc_map_at_5_diff1": 0.813296,
        "nauc_map_at_10_max": 0.20288,
        "nauc_map_at_10_std": 0.36383,
        "nauc_map_at_10_diff1": 0.813596,
        "nauc_map_at_20_max": 0.199271,
        "nauc_map_at_20_std": 0.363539,
        "nauc_map_at_20_diff1": 0.815272,
        "nauc_map_at_100_max": 0.199408,
        "nauc_map_at_100_std": 0.365123,
        "nauc_map_at_100_diff1": 0.81575,
        "nauc_map_at_1000_max": 0.199781,
        "nauc_map_at_1000_std": 0.364206,
        "nauc_map_at_1000_diff1": 0.815718,
        "nauc_recall_at_1_max": 0.232325,
        "nauc_recall_at_1_std": 0.317876,
        "nauc_recall_at_1_diff1": 0.857686,
        "nauc_recall_at_3_max": 0.195386,
        "nauc_recall_at_3_std": 0.362958,
        "nauc_recall_at_3_diff1": 0.761641,
        "nauc_recall_at_5_max": 0.159286,
        "nauc_recall_at_5_std": 0.471756,
        "nauc_recall_at_5_diff1": 0.738225,
        "nauc_recall_at_10_max": 0.100237,
        "nauc_recall_at_10_std": 0.539811,
        "nauc_recall_at_10_diff1": 0.729449,
        "nauc_recall_at_20_max": 0.014114,
        "nauc_recall_at_20_std": 0.575731,
        "nauc_recall_at_20_diff1": 0.742652,
        "nauc_recall_at_100_max": 0.017775,
        "nauc_recall_at_100_std": 0.790069,
        "nauc_recall_at_100_diff1": 0.763525,
        "nauc_recall_at_1000_max": NaN,
        "nauc_recall_at_1000_std": NaN,
        "nauc_recall_at_1000_diff1": NaN,
        "nauc_precision_at_1_max": 0.234176,
        "nauc_precision_at_1_std": 0.321596,
        "nauc_precision_at_1_diff1": 0.855763,
        "nauc_precision_at_3_max": 0.193209,
        "nauc_precision_at_3_std": 0.366558,
        "nauc_precision_at_3_diff1": 0.756001,
        "nauc_precision_at_5_max": 0.144853,
        "nauc_precision_at_5_std": 0.46302,
        "nauc_precision_at_5_diff1": 0.705889,
        "nauc_precision_at_10_max": 0.059976,
        "nauc_precision_at_10_std": 0.468773,
        "nauc_precision_at_10_diff1": 0.623081,
        "nauc_precision_at_20_max": -0.041806,
        "nauc_precision_at_20_std": 0.460445,
        "nauc_precision_at_20_diff1": 0.56927,
        "nauc_precision_at_100_max": -0.12924,
        "nauc_precision_at_100_std": 0.356816,
        "nauc_precision_at_100_diff1": 0.302627,
        "nauc_precision_at_1000_max": -0.229169,
        "nauc_precision_at_1000_std": -0.443687,
        "nauc_precision_at_1000_diff1": -0.460266,
        "nauc_mrr_at_1_max": 0.234176,
        "nauc_mrr_at_1_std": 0.321596,
        "nauc_mrr_at_1_diff1": 0.855763,
        "nauc_mrr_at_3_max": 0.217649,
        "nauc_mrr_at_3_std": 0.341176,
        "nauc_mrr_at_3_diff1": 0.81412,
        "nauc_mrr_at_5_max": 0.208802,
        "nauc_mrr_at_5_std": 0.359276,
        "nauc_mrr_at_5_diff1": 0.811155,
        "nauc_mrr_at_10_max": 0.202798,
        "nauc_mrr_at_10_std": 0.364783,
        "nauc_mrr_at_10_diff1": 0.811419,
        "nauc_mrr_at_20_max": 0.199079,
        "nauc_mrr_at_20_std": 0.364365,
        "nauc_mrr_at_20_diff1": 0.813348,
        "nauc_mrr_at_100_max": 0.199555,
        "nauc_mrr_at_100_std": 0.365988,
        "nauc_mrr_at_100_diff1": 0.813857,
        "nauc_mrr_at_1000_max": 0.200048,
        "nauc_mrr_at_1000_std": 0.365402,
        "nauc_mrr_at_1000_diff1": 0.813914,
        "cv_recall_at_1": 0.45676,
        "cv_recall_at_3": 0.5898,
        "cv_recall_at_5": 0.64967,
        "cv_recall_at_10": 0.7051,
        "cv_recall_at_20": 0.77384,
        "cv_recall_at_100": 0.88027,
        "cv_recall_at_1000": 1.0,
        "main_score": 0.5573,
        "hf_subset": "default",
        "languages": [
          "eng-Latn"
        ]
      }
    ]
  },
  "evaluation_time": 509.06350111961365,
  "kg_co2_emissions": null
}