{
  "dataset_revision": "84a382e05c4473fed9cff2bbae95fe2379416117",
  "task_name": "VidoreShiftProjectRetrieval",
  "mteb_version": "2.7.26",
  "scores": {
    "test": [
      {
        "ndcg_at_1": 0.22,
        "ndcg_at_3": 0.36857,
        "ndcg_at_5": 0.40601,
        "ndcg_at_10": 0.4288,
        "ndcg_at_20": 0.46105,
        "ndcg_at_100": 0.49087,
        "ndcg_at_1000": 0.50052,
        "map_at_1": 0.22,
        "map_at_3": 0.33333,
        "map_at_5": 0.35433,
        "map_at_10": 0.36382,
        "map_at_20": 0.37234,
        "map_at_100": 0.37583,
        "map_at_1000": 0.37631,
        "recall_at_1": 0.22,
        "recall_at_3": 0.47,
        "recall_at_5": 0.56,
        "recall_at_10": 0.63,
        "recall_at_20": 0.76,
        "recall_at_100": 0.93,
        "recall_at_1000": 1.0,
        "accuracy": 0.22,
        "precision_at_1": 0.22,
        "precision_at_3": 0.15667,
        "precision_at_5": 0.112,
        "precision_at_10": 0.063,
        "precision_at_20": 0.038,
        "precision_at_100": 0.0093,
        "precision_at_1000": 0.001,
        "mrr_at_1": 0.22,
        "mrr_at_3": 0.333333,
        "mrr_at_5": 0.354333,
        "mrr_at_10": 0.363817,
        "mrr_at_20": 0.372336,
        "mrr_at_100": 0.375833,
        "mrr_at_1000": 0.37631,
        "nauc_ndcg_at_1_max": 0.215247,
        "nauc_ndcg_at_1_std": 0.271032,
        "nauc_ndcg_at_1_diff1": 0.390248,
        "nauc_ndcg_at_3_max": 0.16619,
        "nauc_ndcg_at_3_std": 0.127325,
        "nauc_ndcg_at_3_diff1": 0.33088,
        "nauc_ndcg_at_5_max": 0.177213,
        "nauc_ndcg_at_5_std": 0.146764,
        "nauc_ndcg_at_5_diff1": 0.281817,
        "nauc_ndcg_at_10_max": 0.192521,
        "nauc_ndcg_at_10_std": 0.145583,
        "nauc_ndcg_at_10_diff1": 0.248714,
        "nauc_ndcg_at_20_max": 0.203605,
        "nauc_ndcg_at_20_std": 0.123958,
        "nauc_ndcg_at_20_diff1": 0.269323,
        "nauc_ndcg_at_100_max": 0.210725,
        "nauc_ndcg_at_100_std": 0.153238,
        "nauc_ndcg_at_100_diff1": 0.265626,
        "nauc_ndcg_at_1000_max": 0.200996,
        "nauc_ndcg_at_1000_std": 0.152244,
        "nauc_ndcg_at_1000_diff1": 0.283496,
        "nauc_map_at_1_max": 0.215247,
        "nauc_map_at_1_std": 0.271032,
        "nauc_map_at_1_diff1": 0.390248,
        "nauc_map_at_3_max": 0.181076,
        "nauc_map_at_3_std": 0.160416,
        "nauc_map_at_3_diff1": 0.337261,
        "nauc_map_at_5_max": 0.18827,
        "nauc_map_at_5_std": 0.170332,
        "nauc_map_at_5_diff1": 0.309321,
        "nauc_map_at_10_max": 0.195338,
        "nauc_map_at_10_std": 0.171742,
        "nauc_map_at_10_diff1": 0.296032,
        "nauc_map_at_20_max": 0.197607,
        "nauc_map_at_20_std": 0.166392,
        "nauc_map_at_20_diff1": 0.302494,
        "nauc_map_at_100_max": 0.198252,
        "nauc_map_at_100_std": 0.168516,
        "nauc_map_at_100_diff1": 0.301811,
        "nauc_map_at_1000_max": 0.197973,
        "nauc_map_at_1000_std": 0.168648,
        "nauc_map_at_1000_diff1": 0.302688,
        "nauc_recall_at_1_max": 0.215247,
        "nauc_recall_at_1_std": 0.271032,
        "nauc_recall_at_1_diff1": 0.390248,
        "nauc_recall_at_3_max": 0.124751,
        "nauc_recall_at_3_std": 0.038133,
        "nauc_recall_at_3_diff1": 0.316354,
        "nauc_recall_at_5_max": 0.144887,
        "nauc_recall_at_5_std": 0.084176,
        "nauc_recall_at_5_diff1": 0.200176,
        "nauc_recall_at_10_max": 0.187859,
        "nauc_recall_at_10_std": 0.065137,
        "nauc_recall_at_10_diff1": 0.08427,
        "nauc_recall_at_20_max": 0.252877,
        "nauc_recall_at_20_std": -0.07993,
        "nauc_recall_at_20_diff1": 0.129034,
        "nauc_recall_at_100_max": 0.497532,
        "nauc_recall_at_100_std": 0.206216,
        "nauc_recall_at_100_diff1": -0.202148,
        "nauc_recall_at_1000_max": NaN,
        "nauc_recall_at_1000_std": NaN,
        "nauc_recall_at_1000_diff1": NaN,
        "nauc_precision_at_1_max": 0.215247,
        "nauc_precision_at_1_std": 0.271032,
        "nauc_precision_at_1_diff1": 0.390248,
        "nauc_precision_at_3_max": 0.124751,
        "nauc_precision_at_3_std": 0.038133,
        "nauc_precision_at_3_diff1": 0.316354,
        "nauc_precision_at_5_max": 0.144887,
        "nauc_precision_at_5_std": 0.084176,
        "nauc_precision_at_5_diff1": 0.200176,
        "nauc_precision_at_10_max": 0.187859,
        "nauc_precision_at_10_std": 0.065137,
        "nauc_precision_at_10_diff1": 0.08427,
        "nauc_precision_at_20_max": 0.252877,
        "nauc_precision_at_20_std": -0.07993,
        "nauc_precision_at_20_diff1": 0.129034,
        "nauc_precision_at_100_max": 0.497532,
        "nauc_precision_at_100_std": 0.206216,
        "nauc_precision_at_100_diff1": -0.202148,
        "nauc_precision_at_1000_max": NaN,
        "nauc_precision_at_1000_std": NaN,
        "nauc_precision_at_1000_diff1": NaN,
        "nauc_mrr_at_1_max": 0.215247,
        "nauc_mrr_at_1_std": 0.271032,
        "nauc_mrr_at_1_diff1": 0.390248,
        "nauc_mrr_at_3_max": 0.181076,
        "nauc_mrr_at_3_std": 0.160416,
        "nauc_mrr_at_3_diff1": 0.337261,
        "nauc_mrr_at_5_max": 0.18827,
        "nauc_mrr_at_5_std": 0.170332,
        "nauc_mrr_at_5_diff1": 0.309321,
        "nauc_mrr_at_10_max": 0.195338,
        "nauc_mrr_at_10_std": 0.171742,
        "nauc_mrr_at_10_diff1": 0.296032,
        "nauc_mrr_at_20_max": 0.197607,
        "nauc_mrr_at_20_std": 0.166392,
        "nauc_mrr_at_20_diff1": 0.302494,
        "nauc_mrr_at_100_max": 0.198252,
        "nauc_mrr_at_100_std": 0.168516,
        "nauc_mrr_at_100_diff1": 0.301811,
        "nauc_mrr_at_1000_max": 0.197973,
        "nauc_mrr_at_1000_std": 0.168648,
        "nauc_mrr_at_1000_diff1": 0.302688,
        "cv_recall_at_1": 0.22,
        "cv_recall_at_3": 0.47,
        "cv_recall_at_5": 0.56,
        "cv_recall_at_10": 0.63,
        "cv_recall_at_20": 0.76,
        "cv_recall_at_100": 0.93,
        "cv_recall_at_1000": 1.0,
        "main_score": 0.40601,
        "hf_subset": "default",
        "languages": [
          "eng-Latn"
        ]
      }
    ]
  },
  "evaluation_time": 887.0482399463654,
  "kg_co2_emissions": null
}