{
  "dataset_revision": "f9e25d5b6e13e1ad9f5c3cce202565031b3ab164",
  "task_name": "VidoreSyntheticDocQAHealthcareIndustryRetrieval",
  "mteb_version": "2.7.26",
  "scores": {
    "test": [
      {
        "ndcg_at_1": 0.63,
        "ndcg_at_3": 0.73464,
        "ndcg_at_5": 0.76391,
        "ndcg_at_10": 0.78314,
        "ndcg_at_20": 0.78777,
        "ndcg_at_100": 0.79384,
        "ndcg_at_1000": 0.79674,
        "map_at_1": 0.63,
        "map_at_3": 0.71167,
        "map_at_5": 0.72817,
        "map_at_10": 0.73598,
        "map_at_20": 0.73704,
        "map_at_100": 0.73806,
        "map_at_1000": 0.73823,
        "recall_at_1": 0.63,
        "recall_at_3": 0.8,
        "recall_at_5": 0.87,
        "recall_at_10": 0.93,
        "recall_at_20": 0.95,
        "recall_at_100": 0.98,
        "recall_at_1000": 1.0,
        "accuracy": 0.63,
        "precision_at_1": 0.63,
        "precision_at_3": 0.26667,
        "precision_at_5": 0.174,
        "precision_at_10": 0.093,
        "precision_at_20": 0.0475,
        "precision_at_100": 0.0098,
        "precision_at_1000": 0.001,
        "mrr_at_1": 0.63,
        "mrr_at_3": 0.711667,
        "mrr_at_5": 0.728167,
        "mrr_at_10": 0.735984,
        "mrr_at_20": 0.73704,
        "mrr_at_100": 0.738058,
        "mrr_at_1000": 0.738229,
        "nauc_ndcg_at_1_max": 0.334321,
        "nauc_ndcg_at_1_std": -0.055125,
        "nauc_ndcg_at_1_diff1": 0.766872,
        "nauc_ndcg_at_3_max": 0.470753,
        "nauc_ndcg_at_3_std": 0.083295,
        "nauc_ndcg_at_3_diff1": 0.721659,
        "nauc_ndcg_at_5_max": 0.494113,
        "nauc_ndcg_at_5_std": 0.122177,
        "nauc_ndcg_at_5_diff1": 0.719421,
        "nauc_ndcg_at_10_max": 0.491393,
        "nauc_ndcg_at_10_std": 0.110138,
        "nauc_ndcg_at_10_diff1": 0.740471,
        "nauc_ndcg_at_20_max": 0.480131,
        "nauc_ndcg_at_20_std": 0.092643,
        "nauc_ndcg_at_20_diff1": 0.737458,
        "nauc_ndcg_at_100_max": 0.467093,
        "nauc_ndcg_at_100_std": 0.082309,
        "nauc_ndcg_at_100_diff1": 0.736963,
        "nauc_ndcg_at_1000_max": 0.458129,
        "nauc_ndcg_at_1000_std": 0.071694,
        "nauc_ndcg_at_1000_diff1": 0.739082,
        "nauc_map_at_1_max": 0.334321,
        "nauc_map_at_1_std": -0.055125,
        "nauc_map_at_1_diff1": 0.766872,
        "nauc_map_at_3_max": 0.436898,
        "nauc_map_at_3_std": 0.045136,
        "nauc_map_at_3_diff1": 0.734056,
        "nauc_map_at_5_max": 0.447596,
        "nauc_map_at_5_std": 0.0635,
        "nauc_map_at_5_diff1": 0.733877,
        "nauc_map_at_10_max": 0.444371,
        "nauc_map_at_10_std": 0.056592,
        "nauc_map_at_10_diff1": 0.7421,
        "nauc_map_at_20_max": 0.442058,
        "nauc_map_at_20_std": 0.053062,
        "nauc_map_at_20_diff1": 0.741569,
        "nauc_map_at_100_max": 0.440218,
        "nauc_map_at_100_std": 0.051603,
        "nauc_map_at_100_diff1": 0.741598,
        "nauc_map_at_1000_max": 0.439784,
        "nauc_map_at_1000_std": 0.051085,
        "nauc_map_at_1000_diff1": 0.741708,
        "nauc_recall_at_1_max": 0.334321,
        "nauc_recall_at_1_std": -0.055125,
        "nauc_recall_at_1_diff1": 0.766872,
        "nauc_recall_at_3_max": 0.59538,
        "nauc_recall_at_3_std": 0.226199,
        "nauc_recall_at_3_diff1": 0.675275,
        "nauc_recall_at_5_max": 0.737503,
        "nauc_recall_at_5_std": 0.435977,
        "nauc_recall_at_5_diff1": 0.642931,
        "nauc_recall_at_10_max": 0.922969,
        "nauc_recall_at_10_std": 0.602574,
        "nauc_recall_at_10_diff1": 0.746565,
        "nauc_recall_at_20_max": 0.918301,
        "nauc_recall_at_20_std": 0.525303,
        "nauc_recall_at_20_diff1": 0.700747,
        "nauc_recall_at_100_max": 1.0,
        "nauc_recall_at_100_std": 0.711718,
        "nauc_recall_at_100_diff1": 0.613679,
        "nauc_recall_at_1000_max": NaN,
        "nauc_recall_at_1000_std": NaN,
        "nauc_recall_at_1000_diff1": NaN,
        "nauc_precision_at_1_max": 0.334321,
        "nauc_precision_at_1_std": -0.055125,
        "nauc_precision_at_1_diff1": 0.766872,
        "nauc_precision_at_3_max": 0.59538,
        "nauc_precision_at_3_std": 0.226199,
        "nauc_precision_at_3_diff1": 0.675275,
        "nauc_precision_at_5_max": 0.737503,
        "nauc_precision_at_5_std": 0.435977,
        "nauc_precision_at_5_diff1": 0.642931,
        "nauc_precision_at_10_max": 0.922969,
        "nauc_precision_at_10_std": 0.602574,
        "nauc_precision_at_10_diff1": 0.746565,
        "nauc_precision_at_20_max": 0.918301,
        "nauc_precision_at_20_std": 0.525303,
        "nauc_precision_at_20_diff1": 0.700747,
        "nauc_precision_at_100_max": 1.0,
        "nauc_precision_at_100_std": 0.711718,
        "nauc_precision_at_100_diff1": 0.613679,
        "nauc_precision_at_1000_max": NaN,
        "nauc_precision_at_1000_std": NaN,
        "nauc_precision_at_1000_diff1": NaN,
        "nauc_mrr_at_1_max": 0.334321,
        "nauc_mrr_at_1_std": -0.055125,
        "nauc_mrr_at_1_diff1": 0.766872,
        "nauc_mrr_at_3_max": 0.436898,
        "nauc_mrr_at_3_std": 0.045136,
        "nauc_mrr_at_3_diff1": 0.734056,
        "nauc_mrr_at_5_max": 0.447596,
        "nauc_mrr_at_5_std": 0.0635,
        "nauc_mrr_at_5_diff1": 0.733877,
        "nauc_mrr_at_10_max": 0.444371,
        "nauc_mrr_at_10_std": 0.056592,
        "nauc_mrr_at_10_diff1": 0.7421,
        "nauc_mrr_at_20_max": 0.442058,
        "nauc_mrr_at_20_std": 0.053062,
        "nauc_mrr_at_20_diff1": 0.741569,
        "nauc_mrr_at_100_max": 0.440218,
        "nauc_mrr_at_100_std": 0.051603,
        "nauc_mrr_at_100_diff1": 0.741598,
        "nauc_mrr_at_1000_max": 0.439784,
        "nauc_mrr_at_1000_std": 0.051085,
        "nauc_mrr_at_1000_diff1": 0.741708,
        "cv_recall_at_1": 0.63,
        "cv_recall_at_3": 0.8,
        "cv_recall_at_5": 0.87,
        "cv_recall_at_10": 0.93,
        "cv_recall_at_20": 0.95,
        "cv_recall_at_100": 0.98,
        "cv_recall_at_1000": 1.0,
        "main_score": 0.76391,
        "hf_subset": "default",
        "languages": [
          "eng-Latn"
        ]
      }
    ]
  },
  "evaluation_time": 915.4474296569824,
  "kg_co2_emissions": null
}