{
  "dataset_revision": "162ba2fc1a8437eda8b6c37b240bc1c0f0deb092",
  "task_name": "VidoreDocVQARetrieval",
  "mteb_version": "2.7.26",
  "scores": {
    "test": [
      {
        "ndcg_at_1": 0.32594,
        "ndcg_at_3": 0.40057,
        "ndcg_at_5": 0.43137,
        "ndcg_at_10": 0.462,
        "ndcg_at_20": 0.48027,
        "ndcg_at_100": 0.50495,
        "ndcg_at_1000": 0.52851,
        "map_at_1": 0.32158,
        "map_at_3": 0.38034,
        "map_at_5": 0.39776,
        "map_at_10": 0.41109,
        "map_at_20": 0.41658,
        "map_at_100": 0.4195,
        "map_at_1000": 0.42046,
        "recall_at_1": 0.32158,
        "recall_at_3": 0.45462,
        "recall_at_5": 0.52823,
        "recall_at_10": 0.61802,
        "recall_at_20": 0.68838,
        "recall_at_100": 0.82567,
        "recall_at_1000": 1.0,
        "accuracy": 0.32158,
        "precision_at_1": 0.32594,
        "precision_at_3": 0.15299,
        "precision_at_5": 0.10776,
        "precision_at_10": 0.06386,
        "precision_at_20": 0.03592,
        "precision_at_100": 0.00871,
        "precision_at_1000": 0.00111,
        "mrr_at_1": 0.325942,
        "mrr_at_3": 0.384701,
        "mrr_at_5": 0.402217,
        "mrr_at_10": 0.415637,
        "mrr_at_20": 0.4202,
        "mrr_at_100": 0.423151,
        "mrr_at_1000": 0.423965,
        "nauc_ndcg_at_1_max": 0.174468,
        "nauc_ndcg_at_1_std": 0.363286,
        "nauc_ndcg_at_1_diff1": 0.634587,
        "nauc_ndcg_at_3_max": 0.14447,
        "nauc_ndcg_at_3_std": 0.40449,
        "nauc_ndcg_at_3_diff1": 0.539071,
        "nauc_ndcg_at_5_max": 0.145274,
        "nauc_ndcg_at_5_std": 0.442367,
        "nauc_ndcg_at_5_diff1": 0.514882,
        "nauc_ndcg_at_10_max": 0.141701,
        "nauc_ndcg_at_10_std": 0.47134,
        "nauc_ndcg_at_10_diff1": 0.507637,
        "nauc_ndcg_at_20_max": 0.125483,
        "nauc_ndcg_at_20_std": 0.46705,
        "nauc_ndcg_at_20_diff1": 0.493978,
        "nauc_ndcg_at_100_max": 0.125064,
        "nauc_ndcg_at_100_std": 0.460172,
        "nauc_ndcg_at_100_diff1": 0.496611,
        "nauc_ndcg_at_1000_max": 0.135651,
        "nauc_ndcg_at_1000_std": 0.442708,
        "nauc_ndcg_at_1000_diff1": 0.520347,
        "nauc_map_at_1_max": 0.169391,
        "nauc_map_at_1_std": 0.356691,
        "nauc_map_at_1_diff1": 0.646176,
        "nauc_map_at_3_max": 0.149517,
        "nauc_map_at_3_std": 0.392516,
        "nauc_map_at_3_diff1": 0.565799,
        "nauc_map_at_5_max": 0.150143,
        "nauc_map_at_5_std": 0.412453,
        "nauc_map_at_5_diff1": 0.551769,
        "nauc_map_at_10_max": 0.148803,
        "nauc_map_at_10_std": 0.424713,
        "nauc_map_at_10_diff1": 0.548814,
        "nauc_map_at_20_max": 0.145657,
        "nauc_map_at_20_std": 0.423567,
        "nauc_map_at_20_diff1": 0.544831,
        "nauc_map_at_100_max": 0.145038,
        "nauc_map_at_100_std": 0.422878,
        "nauc_map_at_100_diff1": 0.54555,
        "nauc_map_at_1000_max": 0.145246,
        "nauc_map_at_1000_std": 0.422137,
        "nauc_map_at_1000_diff1": 0.546445,
        "nauc_recall_at_1_max": 0.169391,
        "nauc_recall_at_1_std": 0.356691,
        "nauc_recall_at_1_diff1": 0.646176,
        "nauc_recall_at_3_max": 0.122486,
        "nauc_recall_at_3_std": 0.433895,
        "nauc_recall_at_3_diff1": 0.472498,
        "nauc_recall_at_5_max": 0.126218,
        "nauc_recall_at_5_std": 0.528327,
        "nauc_recall_at_5_diff1": 0.409666,
        "nauc_recall_at_10_max": 0.10855,
        "nauc_recall_at_10_std": 0.630621,
        "nauc_recall_at_10_diff1": 0.37567,
        "nauc_recall_at_20_max": 0.022225,
        "nauc_recall_at_20_std": 0.635976,
        "nauc_recall_at_20_diff1": 0.296475,
        "nauc_recall_at_100_max": -0.027869,
        "nauc_recall_at_100_std": 0.664705,
        "nauc_recall_at_100_diff1": 0.192879,
        "nauc_recall_at_1000_max": NaN,
        "nauc_recall_at_1000_std": NaN,
        "nauc_recall_at_1000_diff1": NaN,
        "nauc_precision_at_1_max": 0.174468,
        "nauc_precision_at_1_std": 0.363286,
        "nauc_precision_at_1_diff1": 0.634587,
        "nauc_precision_at_3_max": 0.128029,
        "nauc_precision_at_3_std": 0.441799,
        "nauc_precision_at_3_diff1": 0.463155,
        "nauc_precision_at_5_max": 0.131662,
        "nauc_precision_at_5_std": 0.521159,
        "nauc_precision_at_5_diff1": 0.383194,
        "nauc_precision_at_10_max": 0.123367,
        "nauc_precision_at_10_std": 0.61239,
        "nauc_precision_at_10_diff1": 0.319923,
        "nauc_precision_at_20_max": 0.058586,
        "nauc_precision_at_20_std": 0.574595,
        "nauc_precision_at_20_diff1": 0.195609,
        "nauc_precision_at_100_max": 0.034764,
        "nauc_precision_at_100_std": 0.474186,
        "nauc_precision_at_100_diff1": 0.039249,
        "nauc_precision_at_1000_max": 0.033099,
        "nauc_precision_at_1000_std": -0.310513,
        "nauc_precision_at_1000_diff1": -0.10526,
        "nauc_mrr_at_1_max": 0.174468,
        "nauc_mrr_at_1_std": 0.363286,
        "nauc_mrr_at_1_diff1": 0.634587,
        "nauc_mrr_at_3_max": 0.154713,
        "nauc_mrr_at_3_std": 0.399307,
        "nauc_mrr_at_3_diff1": 0.554985,
        "nauc_mrr_at_5_max": 0.155335,
        "nauc_mrr_at_5_std": 0.420281,
        "nauc_mrr_at_5_diff1": 0.541435,
        "nauc_mrr_at_10_max": 0.15453,
        "nauc_mrr_at_10_std": 0.431118,
        "nauc_mrr_at_10_diff1": 0.539934,
        "nauc_mrr_at_20_max": 0.149318,
        "nauc_mrr_at_20_std": 0.428148,
        "nauc_mrr_at_20_diff1": 0.537347,
        "nauc_mrr_at_100_max": 0.148855,
        "nauc_mrr_at_100_std": 0.427339,
        "nauc_mrr_at_100_diff1": 0.538216,
        "nauc_mrr_at_1000_max": 0.149061,
        "nauc_mrr_at_1000_std": 0.426819,
        "nauc_mrr_at_1000_diff1": 0.538935,
        "cv_recall_at_1": 0.32594,
        "cv_recall_at_3": 0.45898,
        "cv_recall_at_5": 0.53437,
        "cv_recall_at_10": 0.62749,
        "cv_recall_at_20": 0.69401,
        "cv_recall_at_100": 0.83592,
        "cv_recall_at_1000": 1.0,
        "main_score": 0.43137,
        "hf_subset": "default",
        "languages": [
          "eng-Latn"
        ]
      }
    ]
  },
  "evaluation_time": 1293.3896491527557,
  "kg_co2_emissions": null
}