{
  "dataset_revision": "9935aadbad5c8deec30910489db1b2c7133ae7a7",
  "task_name": "VidoreSyntheticDocQAEnergyRetrieval",
  "mteb_version": "2.7.26",
  "scores": {
    "test": [
      {
        "ndcg_at_1": 0.73,
        "ndcg_at_3": 0.77286,
        "ndcg_at_5": 0.79395,
        "ndcg_at_10": 0.80397,
        "ndcg_at_20": 0.8223,
        "ndcg_at_100": 0.8318,
        "ndcg_at_1000": 0.8318,
        "map_at_1": 0.73,
        "map_at_3": 0.76333,
        "map_at_5": 0.77533,
        "map_at_10": 0.77967,
        "map_at_20": 0.78505,
        "map_at_100": 0.78644,
        "map_at_1000": 0.78644,
        "recall_at_1": 0.73,
        "recall_at_3": 0.8,
        "recall_at_5": 0.85,
        "recall_at_10": 0.88,
        "recall_at_20": 0.95,
        "recall_at_100": 1.0,
        "recall_at_1000": 1.0,
        "accuracy": 0.73,
        "precision_at_1": 0.73,
        "precision_at_3": 0.26667,
        "precision_at_5": 0.17,
        "precision_at_10": 0.088,
        "precision_at_20": 0.0475,
        "precision_at_100": 0.01,
        "precision_at_1000": 0.001,
        "mrr_at_1": 0.73,
        "mrr_at_3": 0.763333,
        "mrr_at_5": 0.775333,
        "mrr_at_10": 0.779667,
        "mrr_at_20": 0.785045,
        "mrr_at_100": 0.786438,
        "mrr_at_1000": 0.786438,
        "nauc_ndcg_at_1_max": 0.608131,
        "nauc_ndcg_at_1_std": 0.112741,
        "nauc_ndcg_at_1_diff1": 0.85848,
        "nauc_ndcg_at_3_max": 0.604547,
        "nauc_ndcg_at_3_std": 0.075905,
        "nauc_ndcg_at_3_diff1": 0.829334,
        "nauc_ndcg_at_5_max": 0.589799,
        "nauc_ndcg_at_5_std": 0.039092,
        "nauc_ndcg_at_5_diff1": 0.838003,
        "nauc_ndcg_at_10_max": 0.598337,
        "nauc_ndcg_at_10_std": 0.047814,
        "nauc_ndcg_at_10_diff1": 0.832514,
        "nauc_ndcg_at_20_max": 0.614076,
        "nauc_ndcg_at_20_std": 0.046293,
        "nauc_ndcg_at_20_diff1": 0.826084,
        "nauc_ndcg_at_100_max": 0.607411,
        "nauc_ndcg_at_100_std": 0.065272,
        "nauc_ndcg_at_100_diff1": 0.835203,
        "nauc_ndcg_at_1000_max": 0.607411,
        "nauc_ndcg_at_1000_std": 0.065272,
        "nauc_ndcg_at_1000_diff1": 0.835203,
        "nauc_map_at_1_max": 0.608131,
        "nauc_map_at_1_std": 0.112741,
        "nauc_map_at_1_diff1": 0.85848,
        "nauc_map_at_3_max": 0.607035,
        "nauc_map_at_3_std": 0.087197,
        "nauc_map_at_3_diff1": 0.837247,
        "nauc_map_at_5_max": 0.59926,
        "nauc_map_at_5_std": 0.068319,
        "nauc_map_at_5_diff1": 0.84232,
        "nauc_map_at_10_max": 0.60367,
        "nauc_map_at_10_std": 0.073469,
        "nauc_map_at_10_diff1": 0.840077,
        "nauc_map_at_20_max": 0.607942,
        "nauc_map_at_20_std": 0.073557,
        "nauc_map_at_20_diff1": 0.83803,
        "nauc_map_at_100_max": 0.606998,
        "nauc_map_at_100_std": 0.075435,
        "nauc_map_at_100_diff1": 0.839192,
        "nauc_map_at_1000_max": 0.606998,
        "nauc_map_at_1000_std": 0.075435,
        "nauc_map_at_1000_diff1": 0.839192,
        "nauc_recall_at_1_max": 0.608131,
        "nauc_recall_at_1_std": 0.112741,
        "nauc_recall_at_1_diff1": 0.85848,
        "nauc_recall_at_3_max": 0.595629,
        "nauc_recall_at_3_std": 0.038037,
        "nauc_recall_at_3_diff1": 0.803222,
        "nauc_recall_at_5_max": 0.547803,
        "nauc_recall_at_5_std": -0.087634,
        "nauc_recall_at_5_diff1": 0.821705,
        "nauc_recall_at_10_max": 0.5694,
        "nauc_recall_at_10_std": -0.086701,
        "nauc_recall_at_10_diff1": 0.794623,
        "nauc_recall_at_20_max": 0.716713,
        "nauc_recall_at_20_std": -0.281139,
        "nauc_recall_at_20_diff1": 0.6831,
        "nauc_recall_at_100_max": NaN,
        "nauc_recall_at_100_std": NaN,
        "nauc_recall_at_100_diff1": NaN,
        "nauc_recall_at_1000_max": NaN,
        "nauc_recall_at_1000_std": NaN,
        "nauc_recall_at_1000_diff1": NaN,
        "nauc_precision_at_1_max": 0.608131,
        "nauc_precision_at_1_std": 0.112741,
        "nauc_precision_at_1_diff1": 0.85848,
        "nauc_precision_at_3_max": 0.595629,
        "nauc_precision_at_3_std": 0.038037,
        "nauc_precision_at_3_diff1": 0.803222,
        "nauc_precision_at_5_max": 0.547803,
        "nauc_precision_at_5_std": -0.087634,
        "nauc_precision_at_5_diff1": 0.821705,
        "nauc_precision_at_10_max": 0.5694,
        "nauc_precision_at_10_std": -0.086701,
        "nauc_precision_at_10_diff1": 0.794623,
        "nauc_precision_at_20_max": 0.716713,
        "nauc_precision_at_20_std": -0.281139,
        "nauc_precision_at_20_diff1": 0.6831,
        "nauc_precision_at_100_max": NaN,
        "nauc_precision_at_100_std": NaN,
        "nauc_precision_at_100_diff1": NaN,
        "nauc_precision_at_1000_max": NaN,
        "nauc_precision_at_1000_std": NaN,
        "nauc_precision_at_1000_diff1": NaN,
        "nauc_mrr_at_1_max": 0.608131,
        "nauc_mrr_at_1_std": 0.112741,
        "nauc_mrr_at_1_diff1": 0.85848,
        "nauc_mrr_at_3_max": 0.607035,
        "nauc_mrr_at_3_std": 0.087197,
        "nauc_mrr_at_3_diff1": 0.837247,
        "nauc_mrr_at_5_max": 0.59926,
        "nauc_mrr_at_5_std": 0.068319,
        "nauc_mrr_at_5_diff1": 0.84232,
        "nauc_mrr_at_10_max": 0.60367,
        "nauc_mrr_at_10_std": 0.073469,
        "nauc_mrr_at_10_diff1": 0.840077,
        "nauc_mrr_at_20_max": 0.607942,
        "nauc_mrr_at_20_std": 0.073557,
        "nauc_mrr_at_20_diff1": 0.83803,
        "nauc_mrr_at_100_max": 0.606998,
        "nauc_mrr_at_100_std": 0.075435,
        "nauc_mrr_at_100_diff1": 0.839192,
        "nauc_mrr_at_1000_max": 0.606998,
        "nauc_mrr_at_1000_std": 0.075435,
        "nauc_mrr_at_1000_diff1": 0.839192,
        "cv_recall_at_1": 0.73,
        "cv_recall_at_3": 0.8,
        "cv_recall_at_5": 0.85,
        "cv_recall_at_10": 0.88,
        "cv_recall_at_20": 0.95,
        "cv_recall_at_100": 1.0,
        "cv_recall_at_1000": 1.0,
        "main_score": 0.79395,
        "hf_subset": "default",
        "languages": [
          "eng-Latn"
        ]
      }
    ]
  },
  "evaluation_time": 946.4111940860748,
  "kg_co2_emissions": null
}