{
  "dataset_revision": "b4909afa930f81282fd20601e860668073ad02aa",
  "task_name": "VidoreSyntheticDocQAGovernmentReportsRetrieval",
  "mteb_version": "2.7.26",
  "scores": {
    "test": [
      {
        "ndcg_at_1": 0.72,
        "ndcg_at_3": 0.8194,
        "ndcg_at_5": 0.82802,
        "ndcg_at_10": 0.84181,
        "ndcg_at_20": 0.85195,
        "ndcg_at_100": 0.8537,
        "ndcg_at_1000": 0.8537,
        "map_at_1": 0.72,
        "map_at_3": 0.795,
        "map_at_5": 0.8,
        "map_at_10": 0.80619,
        "map_at_20": 0.80899,
        "map_at_100": 0.80918,
        "map_at_1000": 0.80918,
        "recall_at_1": 0.72,
        "recall_at_3": 0.89,
        "recall_at_5": 0.91,
        "recall_at_10": 0.95,
        "recall_at_20": 0.99,
        "recall_at_100": 1.0,
        "recall_at_1000": 1.0,
        "accuracy": 0.72,
        "precision_at_1": 0.72,
        "precision_at_3": 0.29667,
        "precision_at_5": 0.182,
        "precision_at_10": 0.095,
        "precision_at_20": 0.0495,
        "precision_at_100": 0.01,
        "precision_at_1000": 0.001,
        "mrr_at_1": 0.72,
        "mrr_at_3": 0.795,
        "mrr_at_5": 0.8,
        "mrr_at_10": 0.80619,
        "mrr_at_20": 0.808986,
        "mrr_at_100": 0.809178,
        "mrr_at_1000": 0.809178,
        "nauc_ndcg_at_1_max": 0.261027,
        "nauc_ndcg_at_1_std": -0.177446,
        "nauc_ndcg_at_1_diff1": 0.758051,
        "nauc_ndcg_at_3_max": 0.414555,
        "nauc_ndcg_at_3_std": -0.162512,
        "nauc_ndcg_at_3_diff1": 0.716371,
        "nauc_ndcg_at_5_max": 0.406214,
        "nauc_ndcg_at_5_std": -0.138419,
        "nauc_ndcg_at_5_diff1": 0.709477,
        "nauc_ndcg_at_10_max": 0.418236,
        "nauc_ndcg_at_10_std": -0.116967,
        "nauc_ndcg_at_10_diff1": 0.718181,
        "nauc_ndcg_at_20_max": 0.378943,
        "nauc_ndcg_at_20_std": -0.162814,
        "nauc_ndcg_at_20_diff1": 0.732416,
        "nauc_ndcg_at_100_max": 0.370729,
        "nauc_ndcg_at_100_std": -0.149733,
        "nauc_ndcg_at_100_diff1": 0.728877,
        "nauc_ndcg_at_1000_max": 0.370729,
        "nauc_ndcg_at_1000_std": -0.149733,
        "nauc_ndcg_at_1000_diff1": 0.728877,
        "nauc_map_at_1_max": 0.261027,
        "nauc_map_at_1_std": -0.177446,
        "nauc_map_at_1_diff1": 0.758051,
        "nauc_map_at_3_max": 0.368152,
        "nauc_map_at_3_std": -0.165936,
        "nauc_map_at_3_diff1": 0.727082,
        "nauc_map_at_5_max": 0.362727,
        "nauc_map_at_5_std": -0.153823,
        "nauc_map_at_5_diff1": 0.723868,
        "nauc_map_at_10_max": 0.365957,
        "nauc_map_at_10_std": -0.144692,
        "nauc_map_at_10_diff1": 0.727502,
        "nauc_map_at_20_max": 0.356622,
        "nauc_map_at_20_std": -0.154245,
        "nauc_map_at_20_diff1": 0.731104,
        "nauc_map_at_100_max": 0.3559,
        "nauc_map_at_100_std": -0.153127,
        "nauc_map_at_100_diff1": 0.730803,
        "nauc_map_at_1000_max": 0.3559,
        "nauc_map_at_1000_std": -0.153127,
        "nauc_map_at_1000_diff1": 0.730803,
        "nauc_recall_at_1_max": 0.261027,
        "nauc_recall_at_1_std": -0.177446,
        "nauc_recall_at_1_diff1": 0.758051,
        "nauc_recall_at_3_max": 0.641225,
        "nauc_recall_at_3_std": -0.146594,
        "nauc_recall_at_3_diff1": 0.66545,
        "nauc_recall_at_5_max": 0.654373,
        "nauc_recall_at_5_std": -0.045285,
        "nauc_recall_at_5_diff1": 0.626829,
        "nauc_recall_at_10_max": 0.947712,
        "nauc_recall_at_10_std": 0.178525,
        "nauc_recall_at_10_diff1": 0.635014,
        "nauc_recall_at_20_max": 1.0,
        "nauc_recall_at_20_std": -1.151727,
        "nauc_recall_at_20_diff1": 1.0,
        "nauc_recall_at_100_max": NaN,
        "nauc_recall_at_100_std": NaN,
        "nauc_recall_at_100_diff1": NaN,
        "nauc_recall_at_1000_max": NaN,
        "nauc_recall_at_1000_std": NaN,
        "nauc_recall_at_1000_diff1": NaN,
        "nauc_precision_at_1_max": 0.261027,
        "nauc_precision_at_1_std": -0.177446,
        "nauc_precision_at_1_diff1": 0.758051,
        "nauc_precision_at_3_max": 0.641225,
        "nauc_precision_at_3_std": -0.146594,
        "nauc_precision_at_3_diff1": 0.66545,
        "nauc_precision_at_5_max": 0.654373,
        "nauc_precision_at_5_std": -0.045285,
        "nauc_precision_at_5_diff1": 0.626829,
        "nauc_precision_at_10_max": 0.947712,
        "nauc_precision_at_10_std": 0.178525,
        "nauc_precision_at_10_diff1": 0.635014,
        "nauc_precision_at_20_max": 1.0,
        "nauc_precision_at_20_std": -1.151727,
        "nauc_precision_at_20_diff1": 1.0,
        "nauc_precision_at_100_max": NaN,
        "nauc_precision_at_100_std": NaN,
        "nauc_precision_at_100_diff1": NaN,
        "nauc_precision_at_1000_max": NaN,
        "nauc_precision_at_1000_std": NaN,
        "nauc_precision_at_1000_diff1": NaN,
        "nauc_mrr_at_1_max": 0.261027,
        "nauc_mrr_at_1_std": -0.177446,
        "nauc_mrr_at_1_diff1": 0.758051,
        "nauc_mrr_at_3_max": 0.368152,
        "nauc_mrr_at_3_std": -0.165936,
        "nauc_mrr_at_3_diff1": 0.727082,
        "nauc_mrr_at_5_max": 0.362727,
        "nauc_mrr_at_5_std": -0.153823,
        "nauc_mrr_at_5_diff1": 0.723868,
        "nauc_mrr_at_10_max": 0.365957,
        "nauc_mrr_at_10_std": -0.144692,
        "nauc_mrr_at_10_diff1": 0.727502,
        "nauc_mrr_at_20_max": 0.356622,
        "nauc_mrr_at_20_std": -0.154245,
        "nauc_mrr_at_20_diff1": 0.731104,
        "nauc_mrr_at_100_max": 0.3559,
        "nauc_mrr_at_100_std": -0.153127,
        "nauc_mrr_at_100_diff1": 0.730803,
        "nauc_mrr_at_1000_max": 0.3559,
        "nauc_mrr_at_1000_std": -0.153127,
        "nauc_mrr_at_1000_diff1": 0.730803,
        "cv_recall_at_1": 0.72,
        "cv_recall_at_3": 0.89,
        "cv_recall_at_5": 0.91,
        "cv_recall_at_10": 0.95,
        "cv_recall_at_20": 0.99,
        "cv_recall_at_100": 1.0,
        "cv_recall_at_1000": 1.0,
        "main_score": 0.82802,
        "hf_subset": "default",
        "languages": [
          "eng-Latn"
        ]
      }
    ]
  },
  "evaluation_time": 925.7472257614136,
  "kg_co2_emissions": null
}