{
  "dataset_revision": "61a2224bcd29b7b261a4892ff4c8bea353527a31",
  "task_name": "VidoreTabfquadRetrieval",
  "mteb_version": "2.7.26",
  "scores": {
    "test": [
      {
        "ndcg_at_1": 0.49286,
        "ndcg_at_3": 0.594,
        "ndcg_at_5": 0.6226,
        "ndcg_at_10": 0.64798,
        "ndcg_at_20": 0.66514,
        "ndcg_at_100": 0.68837,
        "ndcg_at_1000": 0.68837,
        "map_at_1": 0.49286,
        "map_at_3": 0.56964,
        "map_at_5": 0.58589,
        "map_at_10": 0.59636,
        "map_at_20": 0.60109,
        "map_at_100": 0.60454,
        "map_at_1000": 0.60454,
        "recall_at_1": 0.49286,
        "recall_at_3": 0.66429,
        "recall_at_5": 0.73214,
        "recall_at_10": 0.81071,
        "recall_at_20": 0.87857,
        "recall_at_100": 1.0,
        "recall_at_1000": 1.0,
        "accuracy": 0.49286,
        "precision_at_1": 0.49286,
        "precision_at_3": 0.22143,
        "precision_at_5": 0.14643,
        "precision_at_10": 0.08107,
        "precision_at_20": 0.04393,
        "precision_at_100": 0.01,
        "precision_at_1000": 0.001,
        "mrr_at_1": 0.492857,
        "mrr_at_3": 0.569643,
        "mrr_at_5": 0.585893,
        "mrr_at_10": 0.596362,
        "mrr_at_20": 0.60109,
        "mrr_at_100": 0.604543,
        "mrr_at_1000": 0.604543,
        "nauc_ndcg_at_1_max": 0.279091,
        "nauc_ndcg_at_1_std": 0.195613,
        "nauc_ndcg_at_1_diff1": 0.65292,
        "nauc_ndcg_at_3_max": 0.280815,
        "nauc_ndcg_at_3_std": 0.303858,
        "nauc_ndcg_at_3_diff1": 0.597333,
        "nauc_ndcg_at_5_max": 0.303543,
        "nauc_ndcg_at_5_std": 0.318517,
        "nauc_ndcg_at_5_diff1": 0.586999,
        "nauc_ndcg_at_10_max": 0.276041,
        "nauc_ndcg_at_10_std": 0.297736,
        "nauc_ndcg_at_10_diff1": 0.582558,
        "nauc_ndcg_at_20_max": 0.283527,
        "nauc_ndcg_at_20_std": 0.304784,
        "nauc_ndcg_at_20_diff1": 0.586261,
        "nauc_ndcg_at_100_max": 0.28569,
        "nauc_ndcg_at_100_std": 0.286152,
        "nauc_ndcg_at_100_diff1": 0.599735,
        "nauc_ndcg_at_1000_max": 0.28569,
        "nauc_ndcg_at_1000_std": 0.286152,
        "nauc_ndcg_at_1000_diff1": 0.599735,
        "nauc_map_at_1_max": 0.279091,
        "nauc_map_at_1_std": 0.195613,
        "nauc_map_at_1_diff1": 0.65292,
        "nauc_map_at_3_max": 0.281812,
        "nauc_map_at_3_std": 0.276417,
        "nauc_map_at_3_diff1": 0.612428,
        "nauc_map_at_5_max": 0.294308,
        "nauc_map_at_5_std": 0.283478,
        "nauc_map_at_5_diff1": 0.60711,
        "nauc_map_at_10_max": 0.284238,
        "nauc_map_at_10_std": 0.275071,
        "nauc_map_at_10_diff1": 0.60555,
        "nauc_map_at_20_max": 0.285548,
        "nauc_map_at_20_std": 0.277288,
        "nauc_map_at_20_diff1": 0.606942,
        "nauc_map_at_100_max": 0.285918,
        "nauc_map_at_100_std": 0.27451,
        "nauc_map_at_100_diff1": 0.608456,
        "nauc_map_at_1000_max": 0.285918,
        "nauc_map_at_1000_std": 0.27451,
        "nauc_map_at_1000_diff1": 0.608456,
        "nauc_recall_at_1_max": 0.279091,
        "nauc_recall_at_1_std": 0.195613,
        "nauc_recall_at_1_diff1": 0.65292,
        "nauc_recall_at_3_max": 0.276823,
        "nauc_recall_at_3_std": 0.394141,
        "nauc_recall_at_3_diff1": 0.547173,
        "nauc_recall_at_5_max": 0.341006,
        "nauc_recall_at_5_std": 0.452853,
        "nauc_recall_at_5_diff1": 0.509332,
        "nauc_recall_at_10_max": 0.218904,
        "nauc_recall_at_10_std": 0.396157,
        "nauc_recall_at_10_diff1": 0.466496,
        "nauc_recall_at_20_max": 0.265742,
        "nauc_recall_at_20_std": 0.489416,
        "nauc_recall_at_20_diff1": 0.436625,
        "nauc_recall_at_100_max": NaN,
        "nauc_recall_at_100_std": NaN,
        "nauc_recall_at_100_diff1": NaN,
        "nauc_recall_at_1000_max": NaN,
        "nauc_recall_at_1000_std": NaN,
        "nauc_recall_at_1000_diff1": NaN,
        "nauc_precision_at_1_max": 0.279091,
        "nauc_precision_at_1_std": 0.195613,
        "nauc_precision_at_1_diff1": 0.65292,
        "nauc_precision_at_3_max": 0.276823,
        "nauc_precision_at_3_std": 0.394141,
        "nauc_precision_at_3_diff1": 0.547173,
        "nauc_precision_at_5_max": 0.341006,
        "nauc_precision_at_5_std": 0.452853,
        "nauc_precision_at_5_diff1": 0.509332,
        "nauc_precision_at_10_max": 0.218904,
        "nauc_precision_at_10_std": 0.396157,
        "nauc_precision_at_10_diff1": 0.466496,
        "nauc_precision_at_20_max": 0.265742,
        "nauc_precision_at_20_std": 0.489416,
        "nauc_precision_at_20_diff1": 0.436625,
        "nauc_precision_at_100_max": 1.0,
        "nauc_precision_at_100_std": 1.0,
        "nauc_precision_at_100_diff1": 1.0,
        "nauc_precision_at_1000_max": NaN,
        "nauc_precision_at_1000_std": NaN,
        "nauc_precision_at_1000_diff1": NaN,
        "nauc_mrr_at_1_max": 0.279091,
        "nauc_mrr_at_1_std": 0.195613,
        "nauc_mrr_at_1_diff1": 0.65292,
        "nauc_mrr_at_3_max": 0.281812,
        "nauc_mrr_at_3_std": 0.276417,
        "nauc_mrr_at_3_diff1": 0.612428,
        "nauc_mrr_at_5_max": 0.294308,
        "nauc_mrr_at_5_std": 0.283478,
        "nauc_mrr_at_5_diff1": 0.60711,
        "nauc_mrr_at_10_max": 0.284238,
        "nauc_mrr_at_10_std": 0.275071,
        "nauc_mrr_at_10_diff1": 0.60555,
        "nauc_mrr_at_20_max": 0.285548,
        "nauc_mrr_at_20_std": 0.277288,
        "nauc_mrr_at_20_diff1": 0.606942,
        "nauc_mrr_at_100_max": 0.285918,
        "nauc_mrr_at_100_std": 0.27451,
        "nauc_mrr_at_100_diff1": 0.608456,
        "nauc_mrr_at_1000_max": 0.285918,
        "nauc_mrr_at_1000_std": 0.27451,
        "nauc_mrr_at_1000_diff1": 0.608456,
        "cv_recall_at_1": 0.49286,
        "cv_recall_at_3": 0.66429,
        "cv_recall_at_5": 0.73214,
        "cv_recall_at_10": 0.81071,
        "cv_recall_at_20": 0.87857,
        "cv_recall_at_100": 1.0,
        "cv_recall_at_1000": 1.0,
        "main_score": 0.6226,
        "hf_subset": "default",
        "languages": [
          "eng-Latn"
        ]
      }
    ]
  },
  "evaluation_time": 599.6439065933228,
  "kg_co2_emissions": null
}