{
  "dataset_revision": "b802cc5fd6c605df2d673a963667d74881d2c9a4",
  "task_name": "VidoreInfoVQARetrieval",
  "mteb_version": "2.7.26",
  "scores": {
    "test": [
      {
        "ndcg_at_1": 0.61336,
        "ndcg_at_3": 0.70399,
        "ndcg_at_5": 0.71924,
        "ndcg_at_10": 0.7367,
        "ndcg_at_20": 0.74934,
        "ndcg_at_100": 0.76213,
        "ndcg_at_1000": 0.76594,
        "map_at_1": 0.61336,
        "map_at_3": 0.68286,
        "map_at_5": 0.69146,
        "map_at_10": 0.69881,
        "map_at_20": 0.70219,
        "map_at_100": 0.70407,
        "map_at_1000": 0.70423,
        "recall_at_1": 0.61336,
        "recall_at_3": 0.76417,
        "recall_at_5": 0.80061,
        "recall_at_10": 0.85425,
        "recall_at_20": 0.90486,
        "recall_at_100": 0.97146,
        "recall_at_1000": 1.0,
        "accuracy": 0.61336,
        "precision_at_1": 0.61336,
        "precision_at_3": 0.25506,
        "precision_at_5": 0.16032,
        "precision_at_10": 0.08563,
        "precision_at_20": 0.04534,
        "precision_at_100": 0.00978,
        "precision_at_1000": 0.00101,
        "mrr_at_1": 0.61336,
        "mrr_at_3": 0.683198,
        "mrr_at_5": 0.691802,
        "mrr_at_10": 0.698859,
        "mrr_at_20": 0.702243,
        "mrr_at_100": 0.704163,
        "mrr_at_1000": 0.704292,
        "nauc_ndcg_at_1_max": 0.401295,
        "nauc_ndcg_at_1_std": 0.068668,
        "nauc_ndcg_at_1_diff1": 0.753452,
        "nauc_ndcg_at_3_max": 0.406471,
        "nauc_ndcg_at_3_std": 0.080608,
        "nauc_ndcg_at_3_diff1": 0.68808,
        "nauc_ndcg_at_5_max": 0.396638,
        "nauc_ndcg_at_5_std": 0.060359,
        "nauc_ndcg_at_5_diff1": 0.68567,
        "nauc_ndcg_at_10_max": 0.378948,
        "nauc_ndcg_at_10_std": 0.049787,
        "nauc_ndcg_at_10_diff1": 0.683163,
        "nauc_ndcg_at_20_max": 0.394473,
        "nauc_ndcg_at_20_std": 0.080114,
        "nauc_ndcg_at_20_diff1": 0.678736,
        "nauc_ndcg_at_100_max": 0.396547,
        "nauc_ndcg_at_100_std": 0.081121,
        "nauc_ndcg_at_100_diff1": 0.689791,
        "nauc_ndcg_at_1000_max": 0.396197,
        "nauc_ndcg_at_1000_std": 0.074813,
        "nauc_ndcg_at_1000_diff1": 0.695696,
        "nauc_map_at_1_max": 0.401295,
        "nauc_map_at_1_std": 0.068668,
        "nauc_map_at_1_diff1": 0.753452,
        "nauc_map_at_3_max": 0.403421,
        "nauc_map_at_3_std": 0.076631,
        "nauc_map_at_3_diff1": 0.706343,
        "nauc_map_at_5_max": 0.39852,
        "nauc_map_at_5_std": 0.066042,
        "nauc_map_at_5_diff1": 0.705619,
        "nauc_map_at_10_max": 0.392189,
        "nauc_map_at_10_std": 0.062714,
        "nauc_map_at_10_diff1": 0.705183,
        "nauc_map_at_20_max": 0.396299,
        "nauc_map_at_20_std": 0.070423,
        "nauc_map_at_20_diff1": 0.704351,
        "nauc_map_at_100_max": 0.397034,
        "nauc_map_at_100_std": 0.07126,
        "nauc_map_at_100_diff1": 0.705953,
        "nauc_map_at_1000_max": 0.397034,
        "nauc_map_at_1000_std": 0.071093,
        "nauc_map_at_1000_diff1": 0.706157,
        "nauc_recall_at_1_max": 0.401295,
        "nauc_recall_at_1_std": 0.068668,
        "nauc_recall_at_1_diff1": 0.753452,
        "nauc_recall_at_3_max": 0.41919,
        "nauc_recall_at_3_std": 0.096304,
        "nauc_recall_at_3_diff1": 0.623513,
        "nauc_recall_at_5_max": 0.388703,
        "nauc_recall_at_5_std": 0.035515,
        "nauc_recall_at_5_diff1": 0.606095,
        "nauc_recall_at_10_max": 0.295777,
        "nauc_recall_at_10_std": -0.030823,
        "nauc_recall_at_10_diff1": 0.566671,
        "nauc_recall_at_20_max": 0.388539,
        "nauc_recall_at_20_std": 0.192448,
        "nauc_recall_at_20_diff1": 0.47403,
        "nauc_recall_at_100_max": 0.411607,
        "nauc_recall_at_100_std": 0.41809,
        "nauc_recall_at_100_diff1": 0.38587,
        "nauc_recall_at_1000_max": NaN,
        "nauc_recall_at_1000_std": NaN,
        "nauc_recall_at_1000_diff1": NaN,
        "nauc_precision_at_1_max": 0.401295,
        "nauc_precision_at_1_std": 0.068668,
        "nauc_precision_at_1_diff1": 0.753452,
        "nauc_precision_at_3_max": 0.417187,
        "nauc_precision_at_3_std": 0.09399,
        "nauc_precision_at_3_diff1": 0.621512,
        "nauc_precision_at_5_max": 0.386605,
        "nauc_precision_at_5_std": 0.032658,
        "nauc_precision_at_5_diff1": 0.604226,
        "nauc_precision_at_10_max": 0.278276,
        "nauc_precision_at_10_std": -0.037898,
        "nauc_precision_at_10_diff1": 0.540414,
        "nauc_precision_at_20_max": 0.359823,
        "nauc_precision_at_20_std": 0.174192,
        "nauc_precision_at_20_diff1": 0.439237,
        "nauc_precision_at_100_max": 0.200301,
        "nauc_precision_at_100_std": 0.227475,
        "nauc_precision_at_100_diff1": 0.228657,
        "nauc_precision_at_1000_max": -0.485596,
        "nauc_precision_at_1000_std": -0.412238,
        "nauc_precision_at_1000_diff1": -0.2787,
        "nauc_mrr_at_1_max": 0.401295,
        "nauc_mrr_at_1_std": 0.068668,
        "nauc_mrr_at_1_diff1": 0.753452,
        "nauc_mrr_at_3_max": 0.40287,
        "nauc_mrr_at_3_std": 0.075993,
        "nauc_mrr_at_3_diff1": 0.705884,
        "nauc_mrr_at_5_max": 0.397966,
        "nauc_mrr_at_5_std": 0.065381,
        "nauc_mrr_at_5_diff1": 0.705175,
        "nauc_mrr_at_10_max": 0.392105,
        "nauc_mrr_at_10_std": 0.062617,
        "nauc_mrr_at_10_diff1": 0.705114,
        "nauc_mrr_at_20_max": 0.396215,
        "nauc_mrr_at_20_std": 0.070326,
        "nauc_mrr_at_20_diff1": 0.704281,
        "nauc_mrr_at_100_max": 0.396875,
        "nauc_mrr_at_100_std": 0.071042,
        "nauc_mrr_at_100_diff1": 0.705944,
        "nauc_mrr_at_1000_max": 0.396916,
        "nauc_mrr_at_1000_std": 0.070957,
        "nauc_mrr_at_1000_diff1": 0.706097,
        "cv_recall_at_1": 0.61336,
        "cv_recall_at_3": 0.76518,
        "cv_recall_at_5": 0.80162,
        "cv_recall_at_10": 0.85425,
        "cv_recall_at_20": 0.90486,
        "cv_recall_at_100": 0.97368,
        "cv_recall_at_1000": 1.0,
        "main_score": 0.71924,
        "hf_subset": "default",
        "languages": [
          "eng-Latn"
        ]
      }
    ]
  },
  "evaluation_time": 1238.7621674537659,
  "kg_co2_emissions": null
}