{
  "dataset_revision": "7d94d570960eac2408d3baa7a33f9de4822ae3e4",
  "task_name": "VidoreArxivQARetrieval",
  "mteb_version": "2.7.26",
  "scores": {
    "test": [
      {
        "ndcg_at_1": 0.496,
        "ndcg_at_3": 0.54702,
        "ndcg_at_5": 0.57199,
        "ndcg_at_10": 0.58969,
        "ndcg_at_20": 0.60611,
        "ndcg_at_100": 0.63722,
        "ndcg_at_1000": 0.64603,
        "map_at_1": 0.496,
        "map_at_3": 0.53367,
        "map_at_5": 0.54767,
        "map_at_10": 0.55472,
        "map_at_20": 0.55936,
        "map_at_100": 0.56366,
        "map_at_1000": 0.56405,
        "recall_at_1": 0.496,
        "recall_at_3": 0.586,
        "recall_at_5": 0.646,
        "recall_at_10": 0.702,
        "recall_at_20": 0.766,
        "recall_at_100": 0.934,
        "recall_at_1000": 1.0,
        "accuracy": 0.496,
        "precision_at_1": 0.496,
        "precision_at_3": 0.19533,
        "precision_at_5": 0.1292,
        "precision_at_10": 0.0702,
        "precision_at_20": 0.0383,
        "precision_at_100": 0.00934,
        "precision_at_1000": 0.001,
        "mrr_at_1": 0.496,
        "mrr_at_3": 0.533667,
        "mrr_at_5": 0.547667,
        "mrr_at_10": 0.554725,
        "mrr_at_20": 0.559362,
        "mrr_at_100": 0.56366,
        "mrr_at_1000": 0.564046,
        "nauc_ndcg_at_1_max": 0.339934,
        "nauc_ndcg_at_1_std": 0.026907,
        "nauc_ndcg_at_1_diff1": 0.798819,
        "nauc_ndcg_at_3_max": 0.355803,
        "nauc_ndcg_at_3_std": 0.053105,
        "nauc_ndcg_at_3_diff1": 0.74688,
        "nauc_ndcg_at_5_max": 0.355661,
        "nauc_ndcg_at_5_std": 0.058203,
        "nauc_ndcg_at_5_diff1": 0.738704,
        "nauc_ndcg_at_10_max": 0.360174,
        "nauc_ndcg_at_10_std": 0.067263,
        "nauc_ndcg_at_10_diff1": 0.734565,
        "nauc_ndcg_at_20_max": 0.369214,
        "nauc_ndcg_at_20_std": 0.081216,
        "nauc_ndcg_at_20_diff1": 0.73337,
        "nauc_ndcg_at_100_max": 0.367859,
        "nauc_ndcg_at_100_std": 0.075815,
        "nauc_ndcg_at_100_diff1": 0.741934,
        "nauc_ndcg_at_1000_max": 0.361456,
        "nauc_ndcg_at_1000_std": 0.066779,
        "nauc_ndcg_at_1000_diff1": 0.745822,
        "nauc_map_at_1_max": 0.339934,
        "nauc_map_at_1_std": 0.026907,
        "nauc_map_at_1_diff1": 0.798819,
        "nauc_map_at_3_max": 0.351239,
        "nauc_map_at_3_std": 0.046033,
        "nauc_map_at_3_diff1": 0.760214,
        "nauc_map_at_5_max": 0.35114,
        "nauc_map_at_5_std": 0.049263,
        "nauc_map_at_5_diff1": 0.755774,
        "nauc_map_at_10_max": 0.352328,
        "nauc_map_at_10_std": 0.052027,
        "nauc_map_at_10_diff1": 0.754274,
        "nauc_map_at_20_max": 0.355024,
        "nauc_map_at_20_std": 0.055891,
        "nauc_map_at_20_diff1": 0.754285,
        "nauc_map_at_100_max": 0.354935,
        "nauc_map_at_100_std": 0.055425,
        "nauc_map_at_100_diff1": 0.755367,
        "nauc_map_at_1000_max": 0.354702,
        "nauc_map_at_1000_std": 0.055113,
        "nauc_map_at_1000_diff1": 0.755508,
        "nauc_recall_at_1_max": 0.339934,
        "nauc_recall_at_1_std": 0.026907,
        "nauc_recall_at_1_diff1": 0.798819,
        "nauc_recall_at_3_max": 0.369987,
        "nauc_recall_at_3_std": 0.074903,
        "nauc_recall_at_3_diff1": 0.706059,
        "nauc_recall_at_5_max": 0.370741,
        "nauc_recall_at_5_std": 0.087894,
        "nauc_recall_at_5_diff1": 0.681301,
        "nauc_recall_at_10_max": 0.392985,
        "nauc_recall_at_10_std": 0.129886,
        "nauc_recall_at_10_diff1": 0.65946,
        "nauc_recall_at_20_max": 0.445009,
        "nauc_recall_at_20_std": 0.215997,
        "nauc_recall_at_20_diff1": 0.635067,
        "nauc_recall_at_100_max": 0.563916,
        "nauc_recall_at_100_std": 0.357553,
        "nauc_recall_at_100_diff1": 0.620788,
        "nauc_recall_at_1000_max": NaN,
        "nauc_recall_at_1000_std": NaN,
        "nauc_recall_at_1000_diff1": NaN,
        "nauc_precision_at_1_max": 0.339934,
        "nauc_precision_at_1_std": 0.026907,
        "nauc_precision_at_1_diff1": 0.798819,
        "nauc_precision_at_3_max": 0.369987,
        "nauc_precision_at_3_std": 0.074903,
        "nauc_precision_at_3_diff1": 0.706059,
        "nauc_precision_at_5_max": 0.370741,
        "nauc_precision_at_5_std": 0.087894,
        "nauc_precision_at_5_diff1": 0.681301,
        "nauc_precision_at_10_max": 0.392985,
        "nauc_precision_at_10_std": 0.129886,
        "nauc_precision_at_10_diff1": 0.65946,
        "nauc_precision_at_20_max": 0.445009,
        "nauc_precision_at_20_std": 0.215997,
        "nauc_precision_at_20_diff1": 0.635067,
        "nauc_precision_at_100_max": 0.563916,
        "nauc_precision_at_100_std": 0.357553,
        "nauc_precision_at_100_diff1": 0.620788,
        "nauc_precision_at_1000_max": 1.0,
        "nauc_precision_at_1000_std": 1.0,
        "nauc_precision_at_1000_diff1": 1.0,
        "nauc_mrr_at_1_max": 0.339934,
        "nauc_mrr_at_1_std": 0.026907,
        "nauc_mrr_at_1_diff1": 0.798819,
        "nauc_mrr_at_3_max": 0.351239,
        "nauc_mrr_at_3_std": 0.046033,
        "nauc_mrr_at_3_diff1": 0.760214,
        "nauc_mrr_at_5_max": 0.35114,
        "nauc_mrr_at_5_std": 0.049263,
        "nauc_mrr_at_5_diff1": 0.755774,
        "nauc_mrr_at_10_max": 0.352328,
        "nauc_mrr_at_10_std": 0.052027,
        "nauc_mrr_at_10_diff1": 0.754274,
        "nauc_mrr_at_20_max": 0.355024,
        "nauc_mrr_at_20_std": 0.055891,
        "nauc_mrr_at_20_diff1": 0.754285,
        "nauc_mrr_at_100_max": 0.354935,
        "nauc_mrr_at_100_std": 0.055425,
        "nauc_mrr_at_100_diff1": 0.755367,
        "nauc_mrr_at_1000_max": 0.354702,
        "nauc_mrr_at_1000_std": 0.055113,
        "nauc_mrr_at_1000_diff1": 0.755508,
        "cv_recall_at_1": 0.496,
        "cv_recall_at_3": 0.586,
        "cv_recall_at_5": 0.646,
        "cv_recall_at_10": 0.702,
        "cv_recall_at_20": 0.766,
        "cv_recall_at_100": 0.934,
        "cv_recall_at_1000": 1.0,
        "main_score": 0.57199,
        "hf_subset": "default",
        "languages": [
          "eng-Latn"
        ]
      }
    ]
  },
  "evaluation_time": 1070.7179372310638,
  "kg_co2_emissions": null
}