{
  "dataset_revision": "5feb5630fdff4d8d189ffedb2dba56862fdd45c0",
  "task_name": "VidoreTatdqaRetrieval",
  "mteb_version": "2.7.26",
  "scores": {
    "test": [
      {
        "ndcg_at_1": 0.4435,
        "ndcg_at_3": 0.55867,
        "ndcg_at_5": 0.59641,
        "ndcg_at_10": 0.6275,
        "ndcg_at_20": 0.64286,
        "ndcg_at_100": 0.65978,
        "ndcg_at_1000": 0.66279,
        "map_at_1": 0.44259,
        "map_at_3": 0.52977,
        "map_at_5": 0.55064,
        "map_at_10": 0.56375,
        "map_at_20": 0.56805,
        "map_at_100": 0.57047,
        "map_at_1000": 0.57062,
        "recall_at_1": 0.44259,
        "recall_at_3": 0.64186,
        "recall_at_5": 0.7339,
        "recall_at_10": 0.82868,
        "recall_at_20": 0.88882,
        "recall_at_100": 0.97861,
        "recall_at_1000": 1.0,
        "accuracy": 0.44259,
        "precision_at_1": 0.4435,
        "precision_at_3": 0.21466,
        "precision_at_5": 0.14727,
        "precision_at_10": 0.08323,
        "precision_at_20": 0.04462,
        "precision_at_100": 0.00984,
        "precision_at_1000": 0.00101,
        "mrr_at_1": 0.442892,
        "mrr_at_3": 0.530377,
        "mrr_at_5": 0.551002,
        "mrr_at_10": 0.564169,
        "mrr_at_20": 0.56836,
        "mrr_at_100": 0.570794,
        "mrr_at_1000": 0.570927,
        "nauc_ndcg_at_1_max": 0.265631,
        "nauc_ndcg_at_1_std": 0.030479,
        "nauc_ndcg_at_1_diff1": 0.646872,
        "nauc_ndcg_at_3_max": 0.279556,
        "nauc_ndcg_at_3_std": 0.059425,
        "nauc_ndcg_at_3_diff1": 0.584932,
        "nauc_ndcg_at_5_max": 0.28571,
        "nauc_ndcg_at_5_std": 0.072072,
        "nauc_ndcg_at_5_diff1": 0.573855,
        "nauc_ndcg_at_10_max": 0.302325,
        "nauc_ndcg_at_10_std": 0.095563,
        "nauc_ndcg_at_10_diff1": 0.578255,
        "nauc_ndcg_at_20_max": 0.299434,
        "nauc_ndcg_at_20_std": 0.097486,
        "nauc_ndcg_at_20_diff1": 0.582433,
        "nauc_ndcg_at_100_max": 0.293049,
        "nauc_ndcg_at_100_std": 0.084701,
        "nauc_ndcg_at_100_diff1": 0.591359,
        "nauc_ndcg_at_1000_max": 0.289231,
        "nauc_ndcg_at_1000_std": 0.077432,
        "nauc_ndcg_at_1000_diff1": 0.592602,
        "nauc_map_at_1_max": 0.265037,
        "nauc_map_at_1_std": 0.031366,
        "nauc_map_at_1_diff1": 0.647241,
        "nauc_map_at_3_max": 0.275735,
        "nauc_map_at_3_std": 0.052198,
        "nauc_map_at_3_diff1": 0.60111,
        "nauc_map_at_5_max": 0.278615,
        "nauc_map_at_5_std": 0.058412,
        "nauc_map_at_5_diff1": 0.595877,
        "nauc_map_at_10_max": 0.284724,
        "nauc_map_at_10_std": 0.067051,
        "nauc_map_at_10_diff1": 0.598179,
        "nauc_map_at_20_max": 0.283826,
        "nauc_map_at_20_std": 0.067301,
        "nauc_map_at_20_diff1": 0.599486,
        "nauc_map_at_100_max": 0.283059,
        "nauc_map_at_100_std": 0.065912,
        "nauc_map_at_100_diff1": 0.600516,
        "nauc_map_at_1000_max": 0.282899,
        "nauc_map_at_1000_std": 0.065605,
        "nauc_map_at_1000_diff1": 0.600588,
        "nauc_recall_at_1_max": 0.265037,
        "nauc_recall_at_1_std": 0.031366,
        "nauc_recall_at_1_diff1": 0.647241,
        "nauc_recall_at_3_max": 0.28967,
        "nauc_recall_at_3_std": 0.082152,
        "nauc_recall_at_3_diff1": 0.532431,
        "nauc_recall_at_5_max": 0.311724,
        "nauc_recall_at_5_std": 0.127169,
        "nauc_recall_at_5_diff1": 0.485975,
        "nauc_recall_at_10_max": 0.409665,
        "nauc_recall_at_10_std": 0.27052,
        "nauc_recall_at_10_diff1": 0.470675,
        "nauc_recall_at_20_max": 0.433648,
        "nauc_recall_at_20_std": 0.368571,
        "nauc_recall_at_20_diff1": 0.45696,
        "nauc_recall_at_100_max": 0.596249,
        "nauc_recall_at_100_std": 0.662557,
        "nauc_recall_at_100_diff1": 0.499856,
        "nauc_recall_at_1000_max": NaN,
        "nauc_recall_at_1000_std": NaN,
        "nauc_recall_at_1000_diff1": NaN,
        "nauc_precision_at_1_max": 0.265631,
        "nauc_precision_at_1_std": 0.030479,
        "nauc_precision_at_1_diff1": 0.646872,
        "nauc_precision_at_3_max": 0.289564,
        "nauc_precision_at_3_std": 0.081662,
        "nauc_precision_at_3_diff1": 0.52829,
        "nauc_precision_at_5_max": 0.309512,
        "nauc_precision_at_5_std": 0.126378,
        "nauc_precision_at_5_diff1": 0.477957,
        "nauc_precision_at_10_max": 0.397786,
        "nauc_precision_at_10_std": 0.25958,
        "nauc_precision_at_10_diff1": 0.448094,
        "nauc_precision_at_20_max": 0.41511,
        "nauc_precision_at_20_std": 0.34735,
        "nauc_precision_at_20_diff1": 0.424959,
        "nauc_precision_at_100_max": 0.394668,
        "nauc_precision_at_100_std": 0.415613,
        "nauc_precision_at_100_diff1": 0.326421,
        "nauc_precision_at_1000_max": -0.320096,
        "nauc_precision_at_1000_std": -0.379203,
        "nauc_precision_at_1000_diff1": -0.120453,
        "nauc_mrr_at_1_max": 0.263315,
        "nauc_mrr_at_1_std": 0.034273,
        "nauc_mrr_at_1_diff1": 0.648437,
        "nauc_mrr_at_3_max": 0.275762,
        "nauc_mrr_at_3_std": 0.054318,
        "nauc_mrr_at_3_diff1": 0.600704,
        "nauc_mrr_at_5_max": 0.279041,
        "nauc_mrr_at_5_std": 0.060712,
        "nauc_mrr_at_5_diff1": 0.59574,
        "nauc_mrr_at_10_max": 0.284297,
        "nauc_mrr_at_10_std": 0.06868,
        "nauc_mrr_at_10_diff1": 0.597794,
        "nauc_mrr_at_20_max": 0.283373,
        "nauc_mrr_at_20_std": 0.069218,
        "nauc_mrr_at_20_diff1": 0.599247,
        "nauc_mrr_at_100_max": 0.282567,
        "nauc_mrr_at_100_std": 0.067798,
        "nauc_mrr_at_100_diff1": 0.600292,
        "nauc_mrr_at_1000_max": 0.282454,
        "nauc_mrr_at_1000_std": 0.06756,
        "nauc_mrr_at_1000_diff1": 0.600336,
        "cv_recall_at_1": 0.44289,
        "cv_recall_at_3": 0.64277,
        "cv_recall_at_5": 0.7339,
        "cv_recall_at_10": 0.82989,
        "cv_recall_at_20": 0.88882,
        "cv_recall_at_100": 0.97934,
        "cv_recall_at_1000": 1.0,
        "main_score": 0.59641,
        "hf_subset": "default",
        "languages": [
          "eng-Latn"
        ]
      }
    ]
  },
  "evaluation_time": 3169.395175933838,
  "kg_co2_emissions": null
}