{
  "dataset_revision": "2d9ebea5a1c6e9ef4a3b902a612f605dca11261c",
  "task_name": "VidoreSyntheticDocQAAIRetrieval",
  "mteb_version": "2.7.26",
  "scores": {
    "test": [
      {
        "ndcg_at_1": 0.74,
        "ndcg_at_3": 0.80547,
        "ndcg_at_5": 0.82569,
        "ndcg_at_10": 0.83174,
        "ndcg_at_20": 0.83925,
        "ndcg_at_100": 0.84077,
        "ndcg_at_1000": 0.84582,
        "map_at_1": 0.74,
        "map_at_3": 0.79,
        "map_at_5": 0.801,
        "map_at_10": 0.80325,
        "map_at_20": 0.80528,
        "map_at_100": 0.80538,
        "map_at_1000": 0.80557,
        "recall_at_1": 0.74,
        "recall_at_3": 0.85,
        "recall_at_5": 0.9,
        "recall_at_10": 0.92,
        "recall_at_20": 0.95,
        "recall_at_100": 0.96,
        "recall_at_1000": 1.0,
        "accuracy": 0.74,
        "precision_at_1": 0.74,
        "precision_at_3": 0.28333,
        "precision_at_5": 0.18,
        "precision_at_10": 0.092,
        "precision_at_20": 0.0475,
        "precision_at_100": 0.0096,
        "precision_at_1000": 0.001,
        "mrr_at_1": 0.74,
        "mrr_at_3": 0.79,
        "mrr_at_5": 0.801,
        "mrr_at_10": 0.80325,
        "mrr_at_20": 0.805276,
        "mrr_at_100": 0.80538,
        "mrr_at_1000": 0.805569,
        "nauc_ndcg_at_1_max": 0.574835,
        "nauc_ndcg_at_1_std": 0.266473,
        "nauc_ndcg_at_1_diff1": 0.799826,
        "nauc_ndcg_at_3_max": 0.635802,
        "nauc_ndcg_at_3_std": 0.307859,
        "nauc_ndcg_at_3_diff1": 0.718523,
        "nauc_ndcg_at_5_max": 0.614418,
        "nauc_ndcg_at_5_std": 0.280594,
        "nauc_ndcg_at_5_diff1": 0.700189,
        "nauc_ndcg_at_10_max": 0.630268,
        "nauc_ndcg_at_10_std": 0.298284,
        "nauc_ndcg_at_10_diff1": 0.712976,
        "nauc_ndcg_at_20_max": 0.623874,
        "nauc_ndcg_at_20_std": 0.298537,
        "nauc_ndcg_at_20_diff1": 0.72174,
        "nauc_ndcg_at_100_max": 0.622855,
        "nauc_ndcg_at_100_std": 0.29127,
        "nauc_ndcg_at_100_diff1": 0.723476,
        "nauc_ndcg_at_1000_max": 0.62021,
        "nauc_ndcg_at_1000_std": 0.292131,
        "nauc_ndcg_at_1000_diff1": 0.727637,
        "nauc_map_at_1_max": 0.574835,
        "nauc_map_at_1_std": 0.266473,
        "nauc_map_at_1_diff1": 0.799826,
        "nauc_map_at_3_max": 0.623084,
        "nauc_map_at_3_std": 0.299171,
        "nauc_map_at_3_diff1": 0.742116,
        "nauc_map_at_5_max": 0.611642,
        "nauc_map_at_5_std": 0.285079,
        "nauc_map_at_5_diff1": 0.734677,
        "nauc_map_at_10_max": 0.616407,
        "nauc_map_at_10_std": 0.290042,
        "nauc_map_at_10_diff1": 0.738789,
        "nauc_map_at_20_max": 0.614999,
        "nauc_map_at_20_std": 0.290433,
        "nauc_map_at_20_diff1": 0.741137,
        "nauc_map_at_100_max": 0.614936,
        "nauc_map_at_100_std": 0.290016,
        "nauc_map_at_100_diff1": 0.741246,
        "nauc_map_at_1000_max": 0.614862,
        "nauc_map_at_1000_std": 0.289893,
        "nauc_map_at_1000_diff1": 0.741213,
        "nauc_recall_at_1_max": 0.574835,
        "nauc_recall_at_1_std": 0.266473,
        "nauc_recall_at_1_diff1": 0.799826,
        "nauc_recall_at_3_max": 0.681972,
        "nauc_recall_at_3_std": 0.33944,
        "nauc_recall_at_3_diff1": 0.62779,
        "nauc_recall_at_5_max": 0.620028,
        "nauc_recall_at_5_std": 0.247852,
        "nauc_recall_at_5_diff1": 0.513866,
        "nauc_recall_at_10_max": 0.727183,
        "nauc_recall_at_10_std": 0.363504,
        "nauc_recall_at_10_diff1": 0.555089,
        "nauc_recall_at_20_max": 0.704949,
        "nauc_recall_at_20_std": 0.394211,
        "nauc_recall_at_20_diff1": 0.561251,
        "nauc_recall_at_100_max": 0.70063,
        "nauc_recall_at_100_std": 0.242764,
        "nauc_recall_at_100_diff1": 0.563025,
        "nauc_recall_at_1000_max": NaN,
        "nauc_recall_at_1000_std": NaN,
        "nauc_recall_at_1000_diff1": NaN,
        "nauc_precision_at_1_max": 0.574835,
        "nauc_precision_at_1_std": 0.266473,
        "nauc_precision_at_1_diff1": 0.799826,
        "nauc_precision_at_3_max": 0.681972,
        "nauc_precision_at_3_std": 0.33944,
        "nauc_precision_at_3_diff1": 0.62779,
        "nauc_precision_at_5_max": 0.620028,
        "nauc_precision_at_5_std": 0.247852,
        "nauc_precision_at_5_diff1": 0.513866,
        "nauc_precision_at_10_max": 0.727183,
        "nauc_precision_at_10_std": 0.363504,
        "nauc_precision_at_10_diff1": 0.555089,
        "nauc_precision_at_20_max": 0.704949,
        "nauc_precision_at_20_std": 0.394211,
        "nauc_precision_at_20_diff1": 0.561251,
        "nauc_precision_at_100_max": 0.70063,
        "nauc_precision_at_100_std": 0.242764,
        "nauc_precision_at_100_diff1": 0.563025,
        "nauc_precision_at_1000_max": NaN,
        "nauc_precision_at_1000_std": NaN,
        "nauc_precision_at_1000_diff1": NaN,
        "nauc_mrr_at_1_max": 0.574835,
        "nauc_mrr_at_1_std": 0.266473,
        "nauc_mrr_at_1_diff1": 0.799826,
        "nauc_mrr_at_3_max": 0.623084,
        "nauc_mrr_at_3_std": 0.299171,
        "nauc_mrr_at_3_diff1": 0.742116,
        "nauc_mrr_at_5_max": 0.611642,
        "nauc_mrr_at_5_std": 0.285079,
        "nauc_mrr_at_5_diff1": 0.734677,
        "nauc_mrr_at_10_max": 0.616407,
        "nauc_mrr_at_10_std": 0.290042,
        "nauc_mrr_at_10_diff1": 0.738789,
        "nauc_mrr_at_20_max": 0.614999,
        "nauc_mrr_at_20_std": 0.290433,
        "nauc_mrr_at_20_diff1": 0.741137,
        "nauc_mrr_at_100_max": 0.614936,
        "nauc_mrr_at_100_std": 0.290016,
        "nauc_mrr_at_100_diff1": 0.741246,
        "nauc_mrr_at_1000_max": 0.614862,
        "nauc_mrr_at_1000_std": 0.289893,
        "nauc_mrr_at_1000_diff1": 0.741213,
        "cv_recall_at_1": 0.74,
        "cv_recall_at_3": 0.85,
        "cv_recall_at_5": 0.9,
        "cv_recall_at_10": 0.92,
        "cv_recall_at_20": 0.95,
        "cv_recall_at_100": 0.96,
        "cv_recall_at_1000": 1.0,
        "main_score": 0.82569,
        "hf_subset": "default",
        "languages": [
          "eng-Latn"
        ]
      }
    ]
  },
  "evaluation_time": 935.8302264213562,
  "kg_co2_emissions": null
}